Checking_Account_Status,Duration_Months,Credit_History,Purpose,Credit_Amount,Savings_Account_Bonds,Employment_Since,Installment_Rate,Personal_Status_Sex,Other_Debtors,Residence_Since,Property,Age,Other_Installment_Plans,Housing,Existing_Credits,Job,Liable_People,Telephone,Foreign_Worker,Credit_Risk,Indicator_Variable_1,Indicator_Variable_2,Indicator_Variable_3,Indicator_Variable_4
1,6,4,3,12,5,5,4,3,1,4,1,67,3,2,2,2,1,1,1,1,1,1,1,1
2,48,2,3,60,1,3,2,2,1,2,1,22,3,2,1,2,1,0,1,2,1,0,1,0
4,12,4,6,21,1,4,2,3,1,3,1,49,3,2,1,1,2,0,1,1,1,0,1,1
1,42,2,2,79,1,4,2,3,3,4,2,45,3,3,1,2,2,0,1,1,1,0,1,1
1,24,3,0,49,1,3,3,3,1,4,4,53,3,3,2,2,2,0,1,2,1,0,1,1
4,36,2,6,91,5,3,2,3,1,4,4,35,3,3,1,1,2,1,1,1,1,1,1,1
4,24,2,2,28,3,5,3,3,1,4,2,53,3,2,1,2,1,0,1,1,1,0,1,1
2,36,2,1,69,1,3,2,3,1,2,3,35,3,1,1,3,1,1,1,1,1,0,1,1
4,12,2,3,31,4,4,2,1,1,4,1,61,3,2,1,1,1,0,1,1,1,1,1,0
2,30,4,0,52,1,1,4,4,1,2,3,28,3,2,2,3,1,0,1,2,1,0,1,0
2,12,2,0,13,1,2,3,2,1,1,3,25,3,1,1,2,1,0,1,2,1,0,1,0
1,48,2,9,43,1,2,3,2,1,4,2,24,3,1,1,2,1,0,1,2,1,0,1,0
2,12,2,3,16,1,3,1,2,1,1,3,22,3,2,1,2,1,1,1,1,1,0,1,0
1,24,4,0,12,1,5,4,3,1,4,3,60,3,2,2,1,1,0,1,2,1,0,1,1
1,15,2,0,14,1,3,2,2,1,4,3,28,3,1,1,2,1,0,1,1,1,0,1,0
1,24,2,3,13,2,3,4,2,1,2,3,32,3,2,1,1,1,0,1,2,1,0,1,0
4,24,4,3,24,5,5,4,3,1,4,2,53,3,2,2,2,1,0,1,1,1,1,1,1
1,30,0,9,81,5,2,2,3,1,3,3,25,1,2,3,2,1,0,1,1,1,1,0,1
2,24,2,1,126,1,5,4,2,1,2,4,44,3,3,1,3,1,1,1,2,1,0,1,0
4,24,2,3,34,3,5,3,3,1,2,3,31,3,2,1,2,2,1,1,1,1,0,1,1
4,9,4,0,21,1,3,4,3,1,4,3,48,3,2,3,2,1,1,1,1,1,0,1,1
1,6,2,3,26,3,3,2,3,1,3,1,44,3,1,1,2,2,0,1,1,1,0,1,1
1,10,4,0,22,1,2,1,3,1,3,1,48,3,1,2,1,2,0,0,1,0,0,1,1
2,12,4,1,18,2,2,3,3,1,4,2,44,3,2,1,2,1,0,1,1,1,0,1,1
4,10,4,2,21,5,3,2,4,1,1,3,26,3,2,2,2,1,0,0,1,0,1,1,0
1,6,2,2,14,1,3,1,3,1,2,1,36,1,2,1,1,1,1,1,1,1,0,0,1
4,6,0,3,4,1,5,4,4,1,4,3,39,3,2,1,1,1,0,1,1,1,0,1,0
3,12,1,3,4,4,3,3,2,1,3,1,42,3,1,2,2,1,0,1,1,1,1,1,0
2,7,2,3,24,1,3,3,3,3,2,1,34,3,2,1,2,1,0,1,1,1,0,1,1
1,60,3,9,68,1,5,3,3,1,4,4,63,3,2,2,2,1,1,1,2,1,0,1,1
2,18,2,9,19,4,2,3,4,1,3,1,36,1,2,1,2,1,1,1,1,1,1,0,0
1,24,2,2,40,1,3,2,3,1,2,3,27,2,2,1,2,1,0,1,1,1,0,0,1
2,18,2,0,59,2,3,2,3,1,2,3,30,3,2,2,2,1,1,1,1,1,0,1,1
4,12,4,9,13,5,5,4,3,1,4,4,57,3,1,1,1,1,0,1,1,1,1,1,1
3,12,2,2,15,1,2,4,2,1,1,2,33,1,2,1,3,1,1,1,1,1,0,0,0
2,45,4,3,47,1,2,4,3,1,2,2,25,3,2,2,1,1,0,1,2,1,0,1,1
4,48,4,6,61,1,3,1,3,1,3,4,31,1,3,1,2,1,1,1,1,1,0,0,1
3,18,2,3,21,1,3,4,3,2,2,1,37,2,2,1,2,1,0,1,2,1,0,0,1
3,10,2,4,12,1,3,2,3,1,2,3,37,3,2,1,2,1,1,1,1,1,0,1,1
2,9,2,3,5,1,3,4,3,1,3,1,24,3,2,1,2,1,0,1,1,1,0,1,1
4,30,2,3,23,3,5,4,3,1,2,3,30,1,2,1,3,1,0,1,1,1,0,0,1
2,12,2,3,12,3,3,3,1,1,1,3,26,3,2,1,2,1,1,1,1,1,0,1,0
2,18,3,5,62,1,3,2,3,1,4,1,44,3,2,1,1,2,1,1,1,1,0,1,1
1,30,4,1,62,2,4,1,4,1,4,3,24,3,1,2,2,1,0,1,1,1,0,1,0
1,48,4,1,61,1,5,4,2,1,4,4,58,2,3,2,1,1,0,1,2,1,0,0,0
4,11,4,0,14,1,2,4,2,1,4,3,35,3,2,2,3,1,0,1,1,1,0,1,0
4,36,2,3,23,3,5,4,3,1,4,3,39,3,2,1,2,1,0,1,1,1,0,1,1
1,6,2,1,14,3,1,1,2,1,2,2,23,3,1,1,0,1,1,1,1,1,0,1,0
4,11,4,0,72,1,3,1,3,1,4,2,39,3,2,2,1,1,0,1,1,1,0,1,1
4,12,2,3,21,2,3,4,2,2,2,1,28,3,2,1,2,1,0,1,1,1,0,1,0
2,24,3,2,23,5,2,4,3,1,2,2,29,1,2,1,1,1,0,1,1,1,1,0,1
2,27,3,1,60,1,5,1,3,1,2,3,30,3,2,2,3,1,1,1,1,1,0,1,1
4,12,2,3,13,1,3,3,3,1,2,3,25,3,2,1,2,1,0,1,1,1,0,1,1
4,18,2,1,34,5,3,2,3,1,1,2,31,3,2,1,2,1,1,1,1,1,1,1,1
2,36,3,0,22,1,5,4,3,1,4,4,57,1,3,2,2,1,1,1,2,1,0,0,1
4,6,1,0,8,5,3,1,3,3,2,1,26,2,2,1,1,2,0,1,1,1,1,0,1
2,12,2,3,65,5,1,2,3,1,1,4,52,3,2,1,3,1,1,1,2,1,1,1,1
4,36,4,3,96,1,3,2,2,1,2,3,31,2,2,2,2,1,0,1,1,1,0,0,0
3,18,2,0,20,1,5,3,2,1,2,3,23,3,2,1,3,1,0,1,1,1,0,1,0
1,36,4,2,62,1,2,4,2,2,4,4,23,3,1,2,1,1,1,1,2,1,0,1,0
2,9,2,9,14,1,3,2,4,1,1,1,27,1,2,1,2,1,1,1,1,1,0,0,0
2,15,4,3,15,5,5,4,3,3,4,1,50,3,2,2,2,1,1,1,1,1,1,1,1
2,36,0,9,20,1,5,4,3,1,4,4,61,3,3,1,3,1,1,1,2,1,0,1,1
2,48,0,9,144,1,3,2,3,1,2,3,25,3,2,1,2,1,1,1,2,1,0,1,1
4,24,2,3,32,1,2,4,2,1,4,2,26,3,2,1,2,1,1,1,1,1,0,1,0
4,27,2,5,52,5,5,4,3,1,4,2,48,3,2,4,2,2,1,1,1,1,1,1,1
4,12,2,3,22,1,2,2,2,1,2,3,29,1,2,1,2,1,0,1,1,1,0,0,0
2,12,2,0,10,4,3,4,4,1,1,1,22,3,2,1,2,1,0,1,1,1,1,1,0
4,36,2,6,18,1,3,4,3,1,4,4,37,2,3,1,2,1,1,1,2,1,0,0,1
4,36,2,3,24,5,3,4,2,1,4,3,25,3,2,1,2,1,0,1,1,1,1,1,0
4,36,2,1,81,1,3,1,2,1,2,2,30,1,2,1,2,1,0,1,1,1,0,0,0
4,7,4,3,7,5,5,4,3,1,2,2,46,3,1,2,1,1,1,1,1,1,1,1,1
1,8,4,10,12,1,5,3,3,1,4,4,51,1,3,2,3,2,1,1,1,1,0,0,1
2,42,4,9,60,1,4,2,2,1,1,1,41,1,2,2,1,1,0,1,1,1,0,0,0
1,36,2,6,20,5,5,4,3,1,4,4,40,3,2,1,3,1,1,1,2,1,1,1,1
1,12,4,1,15,1,5,4,3,1,4,4,66,3,3,2,3,1,0,1,1,1,0,1,1
1,42,2,3,40,1,2,4,3,1,3,3,34,3,2,1,2,1,0,1,2,1,0,1,1
2,11,3,3,48,1,4,2,3,1,4,2,51,3,2,1,2,1,0,1,1,1,0,1,1
4,54,0,1,94,5,3,2,3,1,2,2,39,3,2,1,1,2,0,1,1,1,1,1,1
2,30,2,2,38,1,2,2,4,1,1,2,22,3,2,1,2,1,0,1,1,1,0,1,0
4,24,2,3,59,5,2,1,2,1,1,3,44,3,2,2,2,1,1,1,2,1,1,1,0
4,15,2,3,12,3,5,4,3,1,3,2,47,2,2,1,2,1,1,1,1,1,0,0,1
4,18,2,9,16,2,3,3,2,1,4,2,24,3,1,1,1,1,0,1,1,1,0,1,0
1,24,2,10,18,1,5,4,2,3,4,1,58,3,2,1,1,1,1,1,1,1,0,1,0
1,10,2,3,23,1,5,3,3,1,4,1,52,3,2,1,1,1,0,1,1,1,0,1,1
4,12,4,9,14,1,3,4,2,3,2,1,29,3,2,2,3,1,1,1,1,1,0,1,0
2,18,4,2,13,1,2,4,2,1,1,2,27,3,2,2,2,1,0,1,1,1,0,1,0
2,36,2,6,126,2,3,1,3,1,4,4,47,3,3,1,2,2,1,1,2,1,0,1,1
1,18,2,0,22,2,4,4,3,1,3,3,30,3,2,1,3,2,1,1,1,1,0,1,1
1,12,0,5,11,1,4,4,3,1,3,1,28,3,2,2,2,1,0,1,2,1,0,1,1
4,12,4,3,6,1,5,4,3,1,4,1,56,3,2,1,2,1,0,1,1,1,0,1,1
1,12,4,1,14,1,5,4,3,1,3,1,54,3,2,1,2,1,0,1,1,1,0,1,1
4,12,4,3,8,5,5,4,2,1,3,2,33,1,2,1,1,2,0,1,2,1,1,0,0
3,24,4,2,36,5,5,4,3,2,4,4,20,3,1,2,2,1,0,1,1,1,1,1,1
2,12,2,0,13,4,5,4,3,1,4,1,54,3,2,1,2,1,1,1,1,1,1,1,1
2,54,0,9,159,1,2,3,3,1,4,4,58,3,1,1,2,1,1,1,2,1,0,1,1
4,12,4,6,20,5,4,4,2,1,2,3,61,3,2,1,2,1,0,1,1,1,1,1,0
2,18,2,9,26,2,3,4,3,1,4,3,34,3,2,1,2,1,0,1,1,1,0,1,1
2,36,4,3,23,1,5,4,3,1,4,1,36,3,2,1,2,1,0,1,1,1,0,1,1
2,20,3,1,71,5,4,3,3,1,4,2,36,1,1,2,3,2,1,1,1,1,1,0,1
4,24,2,0,15,2,5,4,4,1,4,1,41,3,1,1,1,1,0,1,1,1,0,1,0
2,36,2,3,23,1,4,4,3,1,4,3,24,3,1,1,2,1,0,1,1,1,0,1,1
4,6,3,3,9,1,3,3,2,1,2,1,24,3,2,1,2,1,0,1,1,1,0,1,0
2,9,4,2,19,1,4,4,3,1,3,3,35,3,1,1,2,1,1,1,1,1,0,1,1
4,12,2,1,24,5,2,2,4,1,4,3,26,3,1,1,2,1,1,1,1,1,1,1,0
2,24,4,10,119,1,3,2,3,2,3,3,39,3,2,2,3,2,1,1,2,1,0,1,1
4,18,1,0,65,1,5,2,3,1,4,4,39,1,2,2,3,2,1,1,2,1,0,0,1
2,12,2,0,61,1,4,2,3,1,2,3,32,3,2,1,2,1,0,1,1,1,0,1,1
1,24,2,2,77,5,2,1,2,1,2,2,30,3,2,1,2,1,1,0,1,0,1,1,0
2,14,2,9,14,3,5,1,4,1,2,1,35,3,2,1,2,1,1,1,1,1,0,1,0
2,6,3,9,14,2,5,1,1,1,2,3,31,1,2,2,2,2,0,1,1,1,0,0,0
3,15,2,6,4,1,2,4,2,1,4,2,23,3,1,1,2,1,1,1,1,1,0,1,0
2,18,2,0,63,1,4,3,3,1,3,1,28,3,1,1,1,1,0,1,1,1,0,1,1
4,36,4,0,79,1,3,4,2,1,2,1,25,2,2,2,2,1,1,1,2,1,0,0,0
1,12,2,3,17,3,5,3,4,1,1,1,35,3,2,1,2,1,0,1,1,1,0,1,0
4,48,4,3,36,5,5,4,3,1,1,1,47,3,2,1,2,1,1,1,1,1,1,1,1
1,42,2,3,72,5,4,4,2,1,3,3,30,3,2,1,3,1,1,1,2,1,1,1,0
1,10,4,2,21,5,2,2,2,2,3,1,27,3,1,2,2,1,0,0,1,0,1,1,0
1,33,4,2,43,3,3,1,2,1,4,3,23,3,2,2,2,1,0,1,2,1,0,1,0
2,12,4,0,24,3,4,3,1,1,3,3,36,3,2,1,3,1,1,1,1,1,0,1,0
1,21,2,3,18,1,3,3,2,1,2,1,25,3,2,2,2,1,1,1,2,1,0,1,0
4,24,4,1,39,1,5,4,2,1,2,3,41,3,1,2,3,1,1,1,1,1,0,1,0
4,12,2,2,18,1,3,3,3,1,2,1,24,3,1,1,1,1,0,1,1,1,0,1,1
3,10,4,0,8,1,5,4,3,1,4,4,63,3,3,2,2,1,1,1,1,1,0,1,1
2,18,2,2,19,5,2,4,2,1,3,1,27,3,1,1,2,1,0,1,2,1,1,1,0
1,12,4,0,21,1,3,4,3,1,2,2,30,3,2,2,2,1,0,1,1,1,0,1,1
1,12,2,3,7,1,3,4,4,1,2,1,40,3,2,1,1,1,0,1,1,1,0,1,0
2,12,2,5,6,1,3,4,3,1,2,3,30,3,2,1,2,1,0,1,2,1,0,1,1
2,12,4,1,19,1,1,4,3,1,2,3,34,3,2,2,3,1,1,1,1,1,0,1,1
1,12,4,0,35,1,3,3,2,2,2,1,29,3,2,2,2,1,0,1,2,1,0,1,0
2,48,2,0,85,5,4,1,2,1,2,3,24,3,2,1,2,1,0,1,1,1,1,1,0
1,36,3,6,69,1,3,4,3,1,3,2,29,2,2,1,2,1,1,1,2,1,0,0,1
4,15,2,2,27,1,2,2,3,1,3,2,27,1,2,2,1,1,0,1,1,1,0,0,1
4,18,2,2,20,1,3,4,3,1,4,4,47,1,3,2,2,1,0,1,1,1,0,0,1
4,60,2,3,101,2,4,2,2,1,4,1,21,3,2,1,2,1,1,1,1,1,0,1,0
4,12,4,3,12,5,5,4,2,1,2,1,38,3,2,2,2,1,1,1,1,1,1,1,0
4,27,3,1,86,4,3,2,3,1,2,3,27,3,2,2,2,1,0,1,1,1,1,1,1
2,12,2,3,8,3,3,4,3,1,3,1,66,3,2,1,1,1,0,1,2,1,0,1,1
2,15,4,3,27,5,4,4,3,3,2,1,35,1,2,3,2,1,1,1,1,1,1,0,1
3,12,2,3,19,1,3,2,2,1,2,3,44,3,1,1,1,1,1,1,1,1,0,1,0
3,6,2,0,7,4,2,2,4,1,2,1,27,3,2,1,0,1,0,0,1,0,1,1,0
2,36,2,3,48,1,2,4,2,1,1,4,30,3,2,1,3,1,1,1,1,1,0,1,0
1,27,2,3,34,1,3,3,3,1,2,3,27,3,2,1,3,1,0,1,1,1,0,1,1
1,18,2,2,25,1,3,2,3,1,2,3,22,3,2,1,2,1,0,1,2,1,0,1,1
4,21,4,2,23,1,2,4,2,1,4,2,23,3,2,1,2,1,1,1,1,1,0,1,0
2,48,1,9,36,2,4,4,3,1,2,3,30,3,2,1,2,1,0,1,1,1,0,1,1
1,6,4,0,9,1,5,1,2,1,4,4,39,3,2,2,2,1,1,1,1,1,0,1,0
4,12,4,0,7,2,4,4,2,1,3,3,51,3,2,2,2,1,1,1,1,1,0,1,0
1,36,4,2,54,1,3,3,3,3,2,2,28,3,2,2,2,1,0,1,1,1,0,1,1
4,18,4,3,16,4,5,4,3,1,4,3,46,3,2,2,2,1,0,1,1,1,1,1,1
4,6,2,3,13,2,5,2,3,1,4,4,42,1,3,1,2,2,1,1,1,1,0,0,1
4,10,2,3,19,1,3,1,3,1,4,2,38,3,2,1,2,1,1,0,1,0,0,1,1
3,36,2,3,58,1,3,4,3,1,1,3,24,3,2,1,2,1,0,1,1,1,0,1,1
2,24,4,1,78,4,5,2,2,1,4,4,29,3,1,1,2,1,0,1,1,1,1,1,0
2,24,3,9,70,2,4,4,3,1,4,3,36,3,1,1,3,1,1,1,1,1,0,1,1
1,12,2,2,13,1,3,2,2,1,4,3,20,3,1,1,2,1,0,1,2,1,0,1,0
1,9,4,5,13,2,5,3,3,3,4,1,48,3,2,2,2,2,0,0,1,0,0,1,1
1,12,1,8,3,1,5,4,4,1,1,3,45,1,2,1,1,1,0,1,1,1,0,0,0
2,24,2,0,35,2,4,2,3,1,3,3,38,1,2,2,2,1,1,1,1,1,0,0,1
4,6,4,3,19,5,3,1,3,1,2,1,34,3,2,2,1,2,0,1,1,1,1,1,1
4,24,4,3,29,2,5,3,3,1,4,1,36,3,2,1,2,2,1,1,1,1,0,1,1
4,18,4,0,11,1,2,4,2,1,1,2,30,3,2,2,2,1,0,1,1,1,0,1,0
4,15,2,4,13,3,4,4,3,1,3,2,36,3,2,2,2,1,1,1,1,1,0,1,1
2,10,2,0,73,1,1,2,3,1,4,4,70,1,3,1,3,1,1,1,1,1,0,0,1
4,36,2,0,9,3,5,4,3,1,4,2,36,3,2,1,2,1,0,1,1,1,0,1,1
4,6,2,2,30,3,3,1,3,1,2,3,32,3,2,1,2,1,1,1,1,1,0,1,1
1,18,2,2,11,1,1,4,2,1,2,3,33,3,2,1,2,1,0,1,2,1,0,1,0
2,11,2,2,16,4,2,4,2,1,1,1,20,3,2,1,2,1,0,1,1,1,1,1,0
4,24,2,2,40,1,4,2,2,1,4,2,25,3,1,1,2,1,1,1,1,1,0,1,0
2,24,4,9,19,1,5,4,1,1,4,1,31,3,2,2,2,1,1,1,2,1,0,1,0
1,15,0,0,10,1,5,4,3,1,3,3,33,3,1,2,2,2,0,1,2,1,0,1,1
4,12,2,2,8,1,3,4,2,1,1,1,26,3,2,1,2,1,1,1,1,1,0,1,0
2,24,3,2,21,1,1,3,2,1,2,2,34,3,2,1,3,1,1,1,2,1,0,1,0
2,8,2,3,14,1,3,4,3,3,2,1,33,3,2,1,2,1,0,0,1,0,0,1,1
1,21,3,6,34,1,2,2,3,1,1,2,26,3,2,2,2,1,0,1,2,1,0,1,1
4,30,1,1,75,5,1,4,2,1,1,1,53,1,2,1,3,1,1,1,2,1,1,0,0
1,12,2,2,26,1,3,2,1,1,1,3,42,3,2,1,2,1,0,1,1,1,0,1,0
1,6,4,3,3,3,5,4,3,1,4,3,52,3,2,2,2,1,0,1,1,1,0,1,1
4,12,2,3,20,1,4,4,3,1,2,3,31,3,1,2,3,2,1,1,1,1,0,1,1
1,21,4,0,6,1,5,4,3,1,4,1,65,3,2,2,2,1,0,1,1,1,0,1,1
4,36,3,9,96,1,2,1,1,1,1,3,28,3,2,2,2,1,0,1,2,1,0,1,0
2,36,3,9,45,1,3,2,1,1,2,1,30,2,2,2,3,1,1,1,2,1,0,0,0
1,21,1,0,16,5,3,4,3,1,2,2,40,3,2,2,1,2,0,1,2,1,1,1,1
4,24,4,2,38,4,3,4,3,1,4,1,50,3,2,1,2,1,1,1,1,1,1,1,1
2,18,4,0,9,1,5,4,3,1,4,3,36,1,2,1,2,2,1,1,2,1,0,0,1
4,15,4,3,14,1,3,4,3,1,2,2,31,3,2,2,2,1,0,1,1,1,0,1,1
2,9,1,1,51,1,5,2,2,1,4,4,74,1,3,1,3,2,1,1,2,1,0,0,0
2,16,4,0,12,1,1,2,3,1,3,3,68,3,3,3,0,1,1,1,1,1,0,1,1
1,12,2,3,7,2,4,4,4,1,1,2,20,3,2,1,2,1,0,1,2,1,0,1,0
2,18,0,2,32,1,3,1,2,1,4,3,33,1,2,2,2,1,1,1,1,1,0,0,0
4,24,2,9,46,4,3,2,3,1,3,2,54,3,2,3,3,1,1,1,2,1,1,1,1
2,48,0,9,38,2,4,4,3,1,4,4,34,3,3,1,1,2,0,1,2,1,0,1,1
2,27,2,9,39,1,3,4,3,1,2,3,36,3,2,1,2,2,1,1,2,1,0,1,1
4,6,2,3,21,1,4,2,4,1,2,1,29,3,1,1,2,1,0,1,1,1,0,1,0
2,45,2,3,30,2,3,4,3,3,4,2,21,3,1,1,2,1,0,1,2,1,0,1,1
2,9,4,6,15,1,5,2,2,1,3,3,34,3,2,2,3,1,1,1,2,1,0,1,0
4,6,4,3,14,1,3,1,2,1,1,3,28,3,2,2,2,1,1,1,1,1,0,1,0
2,12,2,2,10,2,2,4,2,1,4,3,27,1,1,4,2,1,0,1,2,1,0,0,0
2,24,2,1,28,5,5,4,3,1,4,4,36,1,3,1,2,1,1,1,1,1,1,0,1
2,18,3,2,43,1,5,4,1,1,3,4,40,3,2,1,3,1,1,1,2,1,0,1,0
4,9,4,6,9,3,5,4,3,1,2,3,52,3,2,2,2,1,1,1,1,1,0,1,1
1,12,2,0,12,1,3,4,4,1,3,1,27,3,2,1,1,1,0,1,1,1,0,1,0
4,27,3,9,51,1,4,3,3,1,4,3,26,3,2,2,2,1,0,1,1,1,0,1,1
1,12,2,8,9,1,4,4,4,1,4,2,21,3,1,1,2,1,0,1,2,1,0,1,0
4,12,4,0,15,1,5,4,3,1,1,1,38,3,2,2,1,2,0,1,1,1,0,1,1
1,30,4,1,106,1,5,3,3,1,4,4,38,3,3,3,3,2,1,1,1,1,0,1,1
4,12,4,2,19,1,5,4,3,1,4,1,43,3,2,3,2,1,1,1,1,1,0,1,1
2,12,4,4,14,1,4,4,3,1,3,2,26,3,2,1,2,1,0,1,1,1,0,1,1
1,24,2,9,66,1,3,2,4,1,2,3,21,2,2,1,1,1,0,1,1,1,0,0,0
4,12,2,1,14,4,4,3,3,1,2,2,55,3,2,1,2,1,0,0,1,0,1,1,1
4,9,4,3,31,5,3,1,3,1,2,1,33,3,2,2,2,2,0,1,1,1,1,1,1
4,36,2,3,38,5,5,2,2,1,4,1,45,3,2,1,1,1,1,1,1,1,1,1,0
1,27,0,9,53,1,1,2,3,1,4,2,50,2,2,2,2,1,1,1,2,1,0,0,1
3,30,3,9,19,1,5,4,3,1,4,1,66,3,2,1,3,1,1,1,2,1,0,1,1
4,36,4,3,33,5,5,4,3,1,2,3,51,3,2,1,2,1,1,1,1,1,1,1,1
2,6,4,8,9,5,4,1,2,1,3,2,39,3,2,2,1,1,0,1,1,1,1,1,0
1,18,0,9,31,1,4,3,3,1,1,2,31,1,2,1,2,1,1,1,1,1,0,0,1
3,36,2,3,39,1,3,2,3,1,2,1,23,3,2,1,2,1,1,1,1,1,0,1,1
1,24,2,2,30,1,3,2,1,1,2,1,24,3,1,1,1,1,0,1,1,1,0,1,0
4,10,2,0,14,1,3,2,2,1,4,3,64,3,2,1,2,1,1,1,1,1,0,1,0
2,12,2,3,6,1,2,4,4,3,1,1,26,1,2,1,1,1,0,1,1,1,0,0,0
1,12,2,6,12,5,3,4,2,1,4,2,23,1,1,1,2,1,1,1,1,1,1,0,0
4,12,2,3,7,1,3,4,3,1,2,1,30,1,2,2,2,1,0,1,1,1,0,0,1
4,24,3,9,30,5,3,4,3,1,4,1,32,3,2,2,2,2,1,1,1,1,1,1,1
4,15,2,1,47,1,3,3,3,1,2,3,30,3,2,1,2,1,1,1,1,1,0,1,1
4,36,0,5,26,1,3,4,3,1,2,3,27,3,2,2,2,1,0,1,1,1,0,1,1
2,48,2,3,110,4,4,1,3,2,2,4,27,1,2,2,2,1,1,1,2,1,1,0,1
1,12,2,2,79,1,5,4,3,1,4,4,53,3,3,1,3,1,1,1,2,1,0,1,1
4,9,2,3,15,1,4,4,3,1,2,3,22,3,2,1,2,1,0,1,2,1,0,1,1
1,24,2,2,31,1,2,4,3,1,1,4,22,1,3,1,2,1,0,1,1,1,0,0,1
3,36,2,3,42,1,3,4,3,1,2,3,26,3,2,1,2,1,0,1,2,1,0,1,1
4,9,2,0,25,3,5,2,3,1,4,4,51,3,3,1,1,1,0,1,1,1,0,1,1
4,12,2,3,21,2,4,3,3,1,1,4,35,3,2,1,2,1,0,1,1,1,0,1,1
2,18,2,3,9,1,3,4,4,3,2,1,25,3,2,1,1,1,0,1,1,1,0,1,0
4,4,4,3,15,1,4,2,3,1,1,1,42,3,2,3,1,2,0,1,1,1,0,1,1
1,24,2,3,18,1,1,4,3,1,2,3,30,2,2,1,3,2,0,1,2,1,0,0,1
2,6,2,0,146,5,1,1,3,1,2,2,23,3,2,1,0,1,1,1,2,1,1,1,1
2,21,2,9,28,2,5,4,1,1,2,3,61,1,1,2,1,1,0,1,2,1,0,0,0
4,12,4,3,13,1,3,4,2,1,2,2,35,3,2,2,2,1,0,1,1,1,0,1,0
1,30,2,3,25,1,5,1,3,3,3,2,39,3,2,1,2,2,0,1,1,1,0,1,1
1,24,2,0,9,5,5,4,2,1,2,3,29,1,2,1,2,1,0,1,2,1,1,0,0
4,6,2,3,16,1,4,3,3,1,2,2,51,3,2,1,2,2,0,1,1,1,0,1,1
1,48,0,1,46,1,5,3,3,1,4,4,24,3,3,2,2,2,0,1,2,1,0,1,1
4,12,4,9,12,1,3,3,2,1,2,1,27,3,2,2,2,1,0,1,1,1,0,1,0
4,12,1,8,34,3,3,4,2,1,3,1,35,3,2,1,1,2,0,1,1,1,0,1,0
4,24,2,9,13,1,4,4,3,1,1,1,25,3,2,1,2,1,1,1,1,1,0,1,1
4,12,4,3,7,1,5,4,3,1,4,1,52,3,2,3,2,1,0,1,1,1,0,1,1
4,6,0,0,12,2,3,4,3,1,1,4,35,1,1,1,2,1,0,0,1,0,0,0,1
3,24,2,2,19,1,3,2,3,1,2,1,26,3,2,1,2,1,0,1,1,1,0,1,1
4,18,2,3,4,1,1,3,2,2,4,1,22,3,1,1,2,1,0,1,2,1,0,1,0
1,6,4,0,7,4,4,3,2,1,4,1,39,3,2,2,1,1,1,1,1,1,1,1,0
3,12,2,2,23,1,3,1,2,1,2,3,46,3,2,1,1,1,0,1,1,1,0,1,0
2,30,2,0,22,1,3,4,2,3,2,4,24,1,2,1,2,1,0,1,2,1,0,0,0
4,24,3,2,42,2,3,2,3,1,3,2,35,3,2,2,2,1,0,1,1,1,0,1,1
2,9,2,2,20,5,4,2,3,1,1,3,24,3,2,1,2,1,1,1,1,1,1,1,1
2,60,3,3,74,5,3,1,3,1,1,1,27,3,2,1,1,1,0,1,1,1,1,1,1
4,24,4,3,27,1,3,4,3,1,2,1,35,3,2,2,1,1,0,1,1,1,0,1,1
1,12,1,3,21,1,3,4,1,1,1,4,29,3,3,1,2,1,0,1,2,1,0,1,0
4,15,2,1,38,2,2,1,2,1,4,3,23,3,2,1,2,1,1,1,1,1,0,1,0
4,11,4,3,12,2,1,4,2,1,4,1,57,3,2,3,1,1,0,1,1,1,0,1,0
1,12,2,2,17,1,3,2,3,1,2,1,27,3,2,1,2,1,0,1,1,1,0,1,1
1,24,2,3,16,1,5,4,2,1,4,3,55,3,2,1,2,1,0,1,1,1,0,1,0
1,18,4,0,53,1,5,2,3,1,4,4,36,3,3,3,3,1,1,1,1,1,0,1,1
4,12,4,6,27,1,5,2,2,1,4,4,57,1,3,3,1,1,0,1,1,1,0,0,0
4,10,4,0,12,1,5,3,3,1,4,1,32,3,2,2,1,2,0,0,1,0,0,1,1
2,15,2,3,8,1,5,4,3,1,3,3,37,3,2,1,2,2,0,1,2,1,0,1,1
4,36,4,9,63,5,5,4,3,1,4,1,36,3,2,2,2,1,0,1,1,1,1,1,1
4,24,2,3,15,1,2,4,2,1,3,3,38,2,2,1,2,1,1,1,1,1,0,0,0
1,14,2,0,90,1,5,1,1,1,4,2,45,3,2,1,3,1,1,0,2,0,0,1,0
4,24,2,3,10,5,5,4,3,1,2,3,25,3,2,2,2,1,0,1,1,1,1,1,1
4,18,2,0,27,5,4,4,3,1,3,2,32,3,2,1,2,1,0,0,1,0,1,1,1
4,12,4,2,14,3,4,3,2,1,4,3,37,3,1,1,2,1,1,1,1,1,0,1,0
2,48,1,0,122,5,1,4,3,2,4,4,36,3,3,1,3,1,1,1,1,1,1,1,1
2,48,2,3,31,1,4,4,3,1,4,1,28,3,2,2,2,1,0,1,2,1,0,1,1
1,30,2,5,120,1,2,1,1,1,1,4,34,3,2,1,1,1,1,1,2,1,0,1,0
4,9,2,3,27,1,3,1,3,1,2,1,32,3,2,1,2,2,0,1,1,1,0,1,1
4,18,4,3,24,1,3,2,2,1,2,3,26,3,2,2,2,1,0,1,1,1,0,1,0
1,12,2,2,13,5,5,2,1,1,4,2,49,3,2,1,1,1,1,1,1,1,1,1,0
4,6,2,2,46,1,2,1,2,1,4,2,32,3,2,1,2,1,0,1,2,1,0,1,0
4,24,2,3,19,2,3,4,3,1,4,3,29,3,1,1,3,1,1,1,1,1,0,1,1
4,15,4,1,34,4,5,3,3,1,4,4,23,3,1,2,2,1,1,1,1,1,1,1,1
4,12,2,2,16,1,3,4,3,1,2,1,50,3,2,1,2,1,0,1,1,1,0,1,1
3,18,1,3,14,5,4,4,3,1,4,3,49,1,2,1,1,1,0,1,1,1,1,0,1
4,15,4,2,15,5,5,4,3,1,4,2,63,3,2,1,2,1,0,1,1,1,1,1,1
2,24,4,0,39,2,2,4,1,1,2,3,37,3,2,1,2,1,1,1,1,1,0,1,0
1,47,2,0,107,1,2,1,2,1,1,1,35,3,2,1,1,1,1,1,1,1,0,1,0
1,48,2,1,48,1,4,4,3,1,3,2,26,3,2,1,2,2,0,1,1,1,0,1,1
2,48,3,10,76,2,1,2,3,1,4,4,31,3,3,1,3,1,1,1,1,1,0,1,1
2,12,2,3,11,1,3,4,2,3,4,1,49,3,2,2,2,1,1,1,1,1,0,1,0
1,24,3,3,10,1,2,4,4,1,4,1,48,2,2,1,2,1,0,1,2,1,0,0,0
4,12,2,9,11,1,3,2,4,1,2,1,26,3,2,1,2,1,1,0,1,0,0,1,0
2,36,2,1,94,1,2,1,4,1,4,3,28,3,1,1,3,1,1,1,2,1,0,1,0
1,24,4,1,64,1,5,2,2,1,4,4,44,3,3,2,3,2,1,1,1,1,0,1,0
3,42,4,1,48,1,5,4,3,1,4,4,56,3,3,1,2,1,0,1,1,1,0,1,1
4,48,4,9,76,5,5,4,1,1,2,3,46,1,2,2,3,2,0,1,1,1,1,0,0
2,48,2,2,100,1,2,1,2,1,2,3,26,3,2,1,2,1,1,1,2,1,0,1,0
4,12,2,1,47,5,2,1,2,1,4,3,20,3,1,1,2,1,0,1,1,1,1,1,0
4,10,2,0,13,5,5,4,3,2,2,2,45,3,2,1,1,1,0,0,1,0,1,1,1
4,18,2,2,25,1,3,3,3,1,4,1,43,3,2,1,2,1,1,1,1,1,0,1,1
2,21,4,2,27,4,4,3,3,1,2,3,32,3,2,2,2,1,1,1,1,1,1,1,1
4,6,2,0,7,1,1,1,2,1,4,1,54,3,2,1,0,1,1,1,1,1,0,1,0
2,36,0,3,38,1,3,4,2,1,1,3,42,3,2,1,2,1,1,1,2,1,0,1,0
3,24,4,0,13,5,4,4,3,1,2,1,37,1,2,2,1,2,0,1,2,1,1,0,1
1,10,4,0,10,1,4,4,3,2,3,2,49,3,2,2,2,1,1,1,1,1,0,1,1
4,48,4,0,101,3,3,2,3,1,2,4,44,1,3,1,2,1,0,1,2,1,0,0,1
4,6,2,2,15,4,3,4,1,1,2,1,33,3,2,1,2,1,0,1,1,1,1,1,0
4,30,2,1,48,5,4,2,2,1,4,2,24,2,1,1,1,1,0,1,1,1,1,0,0
1,12,2,3,7,2,2,4,4,1,3,4,33,3,2,1,1,1,1,1,2,1,0,1,0
2,8,2,2,12,1,3,3,2,1,4,1,24,3,2,1,2,1,0,1,2,1,0,1,0
2,9,2,0,3,1,3,4,4,1,4,1,22,3,1,1,1,1,0,1,1,1,0,1,0
2,48,2,10,54,5,1,3,3,1,4,4,40,1,3,1,0,1,1,1,1,1,1,0,1
4,24,2,2,55,2,3,4,3,1,1,3,25,2,2,1,2,1,0,1,1,1,0,0,1
3,24,2,2,37,1,2,2,2,1,4,3,26,3,2,1,2,1,0,1,1,1,0,1,0
2,12,2,0,7,1,4,2,4,1,3,3,25,1,2,1,1,1,0,1,2,1,0,0,0
3,4,2,0,15,5,2,1,3,1,2,1,29,3,2,1,1,2,0,0,1,0,1,1,1
1,36,1,2,27,1,5,4,3,1,4,3,31,1,2,1,2,1,0,1,2,1,0,0,1
1,12,2,2,7,1,3,2,3,3,3,2,38,3,2,1,1,2,0,1,1,1,0,1,1
2,24,2,2,44,5,3,1,2,1,4,2,48,3,2,1,1,1,1,1,1,1,1,1,0
4,12,4,6,7,1,3,4,3,1,2,3,32,3,2,2,2,1,0,1,1,1,0,1,1
1,15,3,2,36,1,5,1,2,1,4,2,27,3,2,2,1,1,0,1,1,1,0,1,0
2,30,4,0,42,1,1,4,4,1,2,3,28,3,2,2,3,1,0,1,2,1,0,1,0
1,24,2,3,19,1,2,4,1,1,3,2,32,3,2,1,2,1,0,1,2,1,0,1,0
1,24,2,1,29,1,4,2,3,1,1,4,34,3,3,1,3,1,1,1,1,1,0,1,1
1,18,2,2,27,4,3,4,3,1,2,3,28,3,2,1,2,1,0,1,1,1,1,1,1
4,18,4,0,10,1,3,4,2,1,3,1,36,3,2,2,2,1,0,1,1,1,0,1,0
1,8,4,0,34,1,4,1,3,1,4,1,39,3,2,2,1,1,0,0,1,0,0,1,1
4,12,4,2,58,5,5,2,3,1,4,2,49,3,1,1,2,1,1,1,1,1,1,1,1
4,24,2,0,15,4,4,4,2,1,3,3,34,3,2,1,2,2,1,1,1,1,1,1,0
3,36,2,3,45,1,5,4,3,1,2,3,31,3,2,1,2,1,0,1,1,1,0,1,1
2,6,2,3,11,1,5,4,3,1,4,3,28,3,2,1,2,2,0,1,1,1,0,1,1
1,24,4,1,66,1,1,2,3,1,4,4,75,3,3,2,3,1,1,1,1,1,0,1,1
4,18,4,6,19,2,3,4,2,1,2,1,30,3,2,2,2,1,0,1,2,1,0,1,0
2,60,2,0,74,2,2,4,2,1,2,2,24,3,2,1,3,1,0,1,2,1,0,1,0
4,48,4,1,116,2,3,2,2,1,4,3,24,1,1,2,1,1,0,1,2,1,0,0,0
1,24,0,2,41,1,5,3,3,1,4,4,23,1,1,2,2,2,0,1,2,1,0,0,1
1,6,4,2,34,1,3,1,1,1,4,1,44,3,1,1,3,1,1,1,2,1,0,1,0
2,13,2,3,21,1,2,2,2,3,4,2,23,3,2,1,1,1,0,1,1,1,0,1,0
1,15,2,4,13,5,3,4,2,1,2,3,24,3,1,1,2,1,0,1,2,1,1,1,0
1,24,2,2,42,1,3,4,3,1,4,2,28,3,2,1,2,1,0,1,1,1,0,1,1
2,10,2,2,15,1,3,4,1,1,2,3,31,3,2,1,1,1,0,1,1,1,0,1,0
2,24,4,6,57,1,2,2,2,1,4,4,24,3,3,2,2,1,1,1,1,1,0,1,0
1,21,2,2,36,1,4,1,2,1,4,3,26,3,1,1,1,1,0,1,1,1,0,1,0
2,18,2,3,32,3,2,1,4,1,3,1,25,3,1,1,2,1,0,1,1,1,0,1,0
2,18,2,9,44,1,5,1,3,2,1,1,33,1,2,1,3,1,1,1,1,1,0,0,1
3,10,2,0,39,1,2,1,3,3,1,2,37,3,2,1,1,2,0,1,1,1,0,1,1
4,15,4,3,15,1,3,4,2,1,2,3,43,3,2,1,1,1,0,1,1,1,0,1,0
2,13,4,3,9,1,2,4,3,3,4,1,23,3,2,2,2,1,0,1,1,1,0,1,1
2,24,2,3,38,3,1,1,2,1,4,4,23,3,1,1,0,1,0,1,1,1,0,1,0
4,6,3,9,17,2,3,1,3,1,2,1,34,3,2,2,1,1,0,1,1,1,0,1,1
2,9,4,6,11,4,5,4,3,1,3,4,32,3,3,2,2,2,0,1,2,1,1,1,1
4,9,2,4,12,1,2,1,2,1,4,1,23,3,1,1,2,1,1,1,1,1,0,1,0
2,9,2,2,10,1,3,1,2,1,2,3,29,3,2,1,2,1,0,0,2,0,0,1,0
4,18,4,1,32,5,1,2,3,1,4,4,38,3,2,1,3,1,1,1,1,1,1,1,1
1,12,0,3,62,1,3,4,3,1,2,2,28,3,1,2,2,1,1,1,2,1,0,1,1
4,10,2,6,7,3,5,4,3,1,4,4,46,3,3,1,2,1,1,1,1,1,0,1,1
2,24,2,0,12,1,2,4,3,1,2,1,23,2,2,1,1,1,0,1,2,1,0,0,1
4,12,4,3,23,5,5,1,3,2,4,1,49,3,2,1,2,1,1,1,1,1,1,1,1
4,36,3,3,45,1,3,4,3,1,2,3,26,3,2,2,3,1,1,1,2,1,0,1,1
4,12,2,3,8,1,3,4,4,1,2,1,28,3,2,1,2,1,0,1,1,1,0,1,0
1,30,2,2,24,1,4,4,2,1,4,1,23,3,1,1,2,1,0,1,2,1,0,1,0
2,18,2,6,12,5,3,4,3,1,4,4,61,3,3,1,2,1,0,1,1,1,1,1,1
3,12,2,3,34,5,5,2,3,1,3,3,37,3,2,1,3,1,0,1,1,1,1,1,1
3,12,3,0,22,1,3,2,2,1,2,3,36,2,2,2,2,1,1,1,1,1,0,0,0
4,6,2,2,18,1,3,1,4,1,2,2,21,3,1,1,2,1,0,1,1,1,0,1,0
1,18,2,2,25,1,1,4,3,1,1,3,25,3,2,1,0,1,0,1,2,1,0,1,1
4,12,2,9,15,1,4,2,3,1,4,3,36,3,2,1,2,1,1,1,1,1,0,1,1
4,18,4,1,38,1,4,3,3,1,1,3,27,3,2,2,2,1,0,1,1,1,0,1,1
1,18,2,2,36,1,2,1,2,1,4,3,22,3,1,1,2,1,0,1,1,1,0,1,0
1,36,2,2,34,1,5,4,3,1,2,3,42,3,2,1,2,2,0,1,2,1,0,1,1
2,18,2,2,30,1,4,2,2,1,4,1,40,3,1,1,2,1,0,1,1,1,0,1,0
4,36,2,0,31,5,3,4,3,1,4,1,36,3,2,1,2,1,0,1,1,1,1,1,1
4,18,4,3,61,1,5,3,3,1,4,3,33,3,2,2,2,1,1,1,1,1,0,1,1
4,10,4,2,21,1,2,1,2,1,3,1,23,3,1,2,2,1,0,1,1,1,0,1,0
4,60,4,0,138,5,5,2,3,1,4,4,63,1,3,1,3,1,1,1,1,1,1,0,1
2,60,1,10,148,2,5,3,2,1,4,4,60,1,3,2,3,1,1,1,2,1,0,0,0
1,48,1,9,77,1,4,2,2,3,4,3,37,3,1,1,2,1,0,1,2,1,0,1,0
4,18,3,3,23,1,1,2,4,1,3,1,34,3,2,2,2,1,0,1,1,1,0,1,0
4,7,3,3,8,5,5,3,3,1,4,4,36,3,3,1,2,1,0,1,1,1,1,1,1
2,36,2,0,143,1,5,4,3,1,2,4,57,3,3,1,3,1,1,1,2,1,0,1,1
4,6,4,0,4,2,3,4,2,1,4,3,52,3,2,2,1,1,0,1,1,1,0,1,0
1,20,2,2,22,5,4,4,3,1,4,3,39,3,2,1,2,1,1,1,1,1,1,1,1
2,18,2,1,130,1,1,3,2,1,4,4,38,3,3,1,3,1,1,1,2,1,0,1,0
4,22,2,0,13,5,4,4,2,1,4,2,25,3,1,1,2,1,0,1,1,1,1,1,0
3,12,2,0,13,1,2,4,3,1,1,1,26,3,2,1,2,1,0,1,1,1,0,1,1
4,30,3,9,43,2,3,2,3,1,2,2,26,3,2,2,1,1,0,1,1,1,0,1,1
4,18,4,3,22,1,3,2,2,1,1,3,25,3,2,2,2,1,0,1,1,1,0,1,0
4,18,2,3,11,5,2,4,2,1,2,1,21,3,1,1,2,1,1,1,1,1,1,1,0
2,18,4,2,74,1,1,4,3,1,4,2,40,2,2,2,3,1,1,1,1,1,0,0,1
2,15,4,9,23,3,3,2,3,1,4,3,27,1,2,1,2,1,0,1,1,1,0,0,1
4,9,2,9,14,1,4,3,2,1,2,3,27,3,2,2,2,1,0,1,1,1,0,1,0
4,18,2,0,18,1,3,2,4,1,2,2,30,3,2,1,3,1,1,1,1,1,0,1,0
2,12,2,2,10,4,2,1,2,1,4,1,19,3,1,1,1,1,0,1,1,1,1,1,0
1,36,2,0,32,1,4,2,3,1,4,4,39,1,3,1,3,2,1,1,1,1,0,0,1
1,6,4,3,20,1,4,1,2,1,4,3,31,3,2,1,2,1,0,1,1,1,0,1,0
4,9,4,2,24,1,1,2,3,1,3,3,31,3,2,1,3,1,0,1,1,1,0,1,1
2,39,3,6,118,2,4,2,3,1,3,4,32,3,1,1,2,1,1,1,1,1,0,1,1
1,12,2,2,26,1,1,3,2,1,4,4,55,3,3,1,3,1,0,1,1,1,0,1,0
1,36,4,2,23,1,3,3,4,1,2,2,46,3,2,2,2,1,1,1,1,1,0,1,0
2,12,2,0,12,1,5,1,1,1,1,1,46,3,1,2,2,1,0,1,2,1,0,1,0
4,24,4,3,15,4,3,4,2,1,1,1,43,3,2,2,1,1,0,1,1,1,1,1,0
4,18,2,3,15,1,2,3,4,1,4,1,39,3,2,1,2,1,1,1,1,1,0,1,0
2,18,4,9,19,5,3,4,4,1,4,1,28,1,2,2,2,1,0,1,1,1,1,0,0
4,24,3,9,86,1,2,2,3,1,2,3,27,1,2,2,2,1,1,1,2,1,0,0,1
4,14,3,0,8,1,3,4,3,1,2,3,27,3,2,2,1,1,0,1,1,1,0,1,1
2,18,3,0,29,5,5,4,3,1,4,3,43,3,2,1,2,2,0,1,1,1,1,1,1
2,24,2,3,20,1,2,1,4,1,1,2,22,3,2,1,2,1,1,1,2,1,0,1,0
4,24,4,1,22,5,4,4,3,1,4,3,43,3,2,2,2,2,1,1,1,1,1,1,1
1,15,2,3,11,1,2,4,4,1,2,1,27,3,2,1,2,1,0,0,1,0,0,1,0
4,24,2,3,32,3,5,3,1,1,2,3,26,3,2,1,3,1,1,1,1,1,0,1,0
3,12,4,0,9,3,4,4,4,1,2,1,28,3,2,3,2,1,1,1,2,1,0,1,0
2,24,2,3,20,1,5,4,2,1,4,3,20,3,2,1,2,1,1,1,1,1,0,1,0
4,33,4,1,73,1,4,3,3,1,2,3,35,3,2,2,3,1,1,1,1,1,0,1,1
4,12,4,9,23,1,1,4,3,1,2,3,42,2,2,2,3,1,1,1,2,1,0,0,1
4,10,2,0,16,3,3,3,3,1,2,4,40,3,1,1,1,2,0,0,1,0,0,1,1
1,24,2,0,14,5,3,4,2,1,2,2,35,3,2,1,2,1,0,1,2,1,1,1,0
4,36,4,1,58,1,5,2,3,1,2,2,35,3,2,2,2,2,1,1,1,1,0,1,1
1,12,2,0,26,1,2,4,3,1,1,1,33,3,2,1,1,2,0,1,2,1,0,1,1
1,18,3,6,85,5,3,1,2,1,2,3,23,3,1,2,2,1,1,1,1,1,1,1,0
4,21,2,0,28,3,4,1,2,1,2,3,31,1,2,1,3,1,0,1,1,1,0,0,0
2,18,2,0,10,5,3,4,2,1,2,2,33,3,2,1,2,1,0,1,2,1,1,1,0
4,15,2,0,32,4,4,2,2,1,3,3,20,3,1,1,2,1,0,1,1,1,1,1,0
2,12,2,1,20,5,3,4,3,1,2,3,30,3,2,1,2,1,0,1,1,1,1,1,1
2,12,4,0,10,1,4,2,3,1,3,1,47,3,2,2,1,2,0,1,1,1,0,1,1
4,21,3,2,16,2,4,4,3,1,3,1,34,3,2,2,3,1,0,1,1,1,0,1,1
2,12,2,2,28,5,5,1,2,1,2,2,25,1,2,1,2,1,1,1,2,1,1,0,0
2,18,2,1,28,1,3,1,4,1,3,3,21,3,1,1,2,1,1,1,1,1,0,1,0
4,28,4,3,27,1,5,4,3,1,2,3,29,3,2,2,2,1,0,1,1,1,0,1,1
4,18,4,3,11,4,3,4,3,1,3,1,46,3,2,2,2,1,0,1,1,1,1,1,1
4,9,2,2,13,1,5,1,3,1,4,3,20,3,2,1,2,1,0,1,1,1,0,1,1
1,18,4,5,12,1,1,2,2,1,4,4,55,3,3,3,0,2,0,1,2,1,0,1,0
4,5,2,9,34,1,4,1,3,1,4,1,74,3,2,1,1,1,0,1,1,1,0,1,1
2,24,2,10,113,1,3,2,3,2,3,3,29,1,2,2,3,1,1,1,2,1,0,0,1
1,6,4,2,19,1,1,4,3,1,4,4,36,3,3,3,3,1,1,1,1,1,0,1,1
4,24,4,5,21,1,3,4,1,1,2,1,33,3,2,2,2,1,1,1,1,1,0,1,0
1,9,2,2,21,1,3,3,3,1,2,1,25,3,2,1,2,1,0,1,1,1,0,1,1
2,12,2,3,15,5,3,2,4,1,1,1,25,3,2,1,2,1,1,1,2,1,1,1,0
4,6,2,5,7,3,4,2,4,1,4,1,23,3,1,1,1,1,0,1,1,1,0,1,0
4,24,4,0,13,4,5,4,2,1,4,1,37,3,2,2,2,1,1,1,1,1,1,1,0
1,42,4,5,34,1,1,4,3,2,4,3,65,3,2,2,0,1,0,1,1,1,0,1,1
3,12,1,9,6,1,2,4,2,1,1,1,26,3,2,1,0,1,0,1,2,1,0,1,0
4,12,2,0,19,1,5,4,3,1,4,3,39,3,2,1,3,1,1,1,1,1,0,1,1
1,12,2,2,16,1,3,2,2,2,3,2,30,3,2,1,2,1,0,1,1,1,0,1,0
2,20,3,10,26,1,3,2,3,1,3,3,29,1,2,2,2,1,1,1,1,1,0,0,1
4,12,2,6,7,1,5,4,3,1,4,3,41,1,2,1,1,2,0,1,2,1,0,0,1
2,48,4,2,51,1,3,2,2,1,3,3,30,3,2,1,3,1,1,1,2,1,0,1,0
4,9,4,6,12,5,5,4,2,1,4,2,41,3,1,2,1,1,0,1,1,1,1,1,0
1,36,2,0,18,1,2,4,2,1,4,3,34,3,2,1,2,1,1,1,2,1,0,1,0
2,7,2,3,26,1,3,2,3,3,2,1,35,3,2,1,2,1,0,1,1,1,0,1,1
3,12,2,2,14,5,5,3,2,1,4,1,55,3,2,1,3,1,1,1,1,1,1,1,0
2,15,3,5,15,4,3,3,4,1,3,2,61,2,2,2,2,1,0,1,2,1,1,0,0
4,36,4,1,111,5,3,4,3,1,2,3,30,3,2,1,3,1,1,1,1,1,1,1,1
4,6,2,3,5,1,3,3,2,1,1,1,29,3,2,1,2,1,0,1,1,1,0,1,0
4,12,0,2,28,1,5,2,3,1,4,2,34,3,2,2,2,1,0,1,1,1,0,1,1
4,24,2,1,27,1,5,4,3,1,4,3,35,3,2,1,3,1,1,1,1,1,0,1,1
1,24,2,0,48,1,4,2,3,2,3,2,31,3,2,1,2,1,1,1,2,1,0,1,1
4,24,2,1,27,1,2,4,2,1,1,4,29,3,2,1,3,1,1,1,1,1,0,1,0
1,11,4,0,39,1,3,2,3,1,2,1,36,3,1,2,2,2,0,1,1,1,0,1,1
1,12,2,1,34,1,5,3,3,1,4,4,35,3,3,1,2,1,1,1,2,1,0,1,1
1,6,2,4,3,1,2,4,2,1,1,1,27,3,2,1,2,1,0,1,1,1,0,1,0
4,18,2,3,46,1,2,3,3,1,2,3,32,3,2,1,2,1,1,1,1,1,0,1,1
1,36,2,2,36,1,3,1,3,3,2,2,37,3,2,1,2,2,0,1,1,1,0,1,1
1,15,2,0,17,1,2,2,3,1,3,1,36,3,2,1,2,1,0,1,1,1,0,1,1
2,12,2,2,30,1,2,3,2,1,1,1,34,3,1,1,3,1,0,1,1,1,0,1,0
2,12,2,8,8,5,5,4,3,1,4,2,38,3,2,2,2,1,0,1,1,1,1,1,1
4,18,2,9,20,1,4,4,3,1,1,3,34,2,2,2,2,1,1,1,1,1,0,0,1
1,24,2,1,29,1,3,3,3,3,4,4,63,1,2,1,2,2,1,1,1,1,0,0,1
1,24,3,3,17,1,2,4,2,1,2,3,29,3,1,1,1,1,1,1,2,1,0,1,0
4,48,3,3,72,5,5,3,3,1,3,3,32,1,2,2,2,2,0,1,1,1,1,0,1
4,33,3,9,28,1,3,2,2,1,2,3,26,3,2,2,2,1,1,1,1,1,0,1,0
4,24,3,1,47,1,4,3,3,1,3,3,35,3,2,2,1,1,1,1,1,1,0,1,1
2,24,2,3,31,2,2,3,4,1,2,3,22,3,1,1,2,1,1,1,2,1,0,1,0
1,6,2,6,4,1,2,4,2,1,4,2,23,3,2,1,2,1,0,1,2,1,0,1,0
1,9,2,0,7,1,3,4,3,1,3,3,28,3,2,1,1,1,0,1,2,1,0,1,1
4,6,2,8,12,5,1,4,3,1,4,2,36,3,2,1,3,2,1,1,1,1,1,1,1
2,18,4,3,12,1,3,4,4,1,2,3,33,3,2,1,2,1,0,1,2,1,0,1,0
1,18,0,2,31,1,2,1,2,1,4,2,26,3,1,1,2,1,0,1,2,1,0,1,0
4,39,2,1,26,3,3,4,3,1,4,3,24,3,2,1,2,1,0,1,1,1,0,1,1
3,24,2,3,52,1,4,4,3,1,2,3,25,1,2,1,2,1,0,1,1,1,0,0,1
2,12,2,9,10,2,4,3,3,1,4,1,39,3,2,1,1,1,0,1,1,1,0,1,1
1,15,4,2,15,1,5,4,3,1,4,3,44,3,2,2,2,2,1,1,1,1,0,1,1
2,12,4,3,36,1,3,1,2,1,1,1,23,3,2,1,1,1,0,1,1,1,0,1,0
2,24,2,0,12,1,2,4,3,1,1,2,26,3,2,1,2,1,0,1,1,1,0,1,1
1,30,2,2,36,4,5,4,2,1,4,2,57,3,1,2,2,1,1,1,1,1,1,1,0
4,15,3,2,10,4,4,3,2,1,2,2,30,3,2,2,2,1,0,1,1,1,1,1,0
4,12,4,0,12,3,3,4,3,1,4,1,44,3,2,1,2,1,1,1,1,1,0,1,1
2,6,3,0,12,1,1,4,3,1,4,2,47,3,2,1,3,1,1,1,2,1,0,1,1
4,12,2,3,31,1,3,2,3,1,4,3,52,3,2,1,2,1,1,1,1,1,0,1,1
4,24,2,0,38,1,5,4,2,2,4,4,62,3,3,1,2,1,1,1,1,1,0,1,0
4,10,2,0,14,2,3,3,3,1,2,1,35,3,1,1,1,1,0,0,1,0,0,1,1
4,6,2,0,35,1,3,2,3,3,3,2,26,3,1,1,2,1,0,1,1,1,0,1,1
4,12,4,3,19,1,5,2,3,1,2,4,26,3,2,2,2,1,0,1,1,1,0,1,1
2,27,0,9,83,1,5,2,2,1,4,4,42,3,3,2,3,1,1,1,2,1,0,1,0
4,6,4,3,12,2,3,1,2,1,1,2,27,3,2,2,2,1,0,1,1,1,0,1,0
2,6,2,3,4,5,5,4,3,1,4,2,38,3,2,1,2,1,0,1,1,1,1,1,1
1,12,4,0,21,1,3,3,3,1,2,1,39,3,1,2,1,2,0,0,1,0,0,1,1
1,24,2,2,30,5,3,2,4,1,4,3,20,3,2,1,2,1,0,1,2,1,1,1,0
2,36,2,2,90,2,2,4,3,2,1,4,29,3,1,1,3,1,1,1,2,1,0,1,1
4,24,4,2,16,1,4,4,3,1,3,2,40,3,2,2,2,1,0,1,1,1,0,1,1
2,18,2,3,13,1,5,4,4,3,2,1,32,3,2,1,1,1,0,1,1,1,0,1,0
3,6,4,0,13,2,5,2,1,1,4,3,28,3,2,2,2,2,1,1,1,1,0,1,0
1,24,2,0,31,1,2,4,2,1,1,2,27,3,2,1,2,1,0,1,2,1,0,1,0
1,36,2,1,55,1,5,2,3,1,4,4,42,3,3,1,2,2,0,1,1,1,0,1,1
3,9,2,3,11,2,5,2,1,1,4,1,49,3,2,1,2,1,0,1,1,1,0,1,0
2,24,4,3,12,2,2,4,3,1,4,4,38,1,2,2,2,2,0,1,2,1,0,0,1
1,24,2,0,12,1,2,4,2,1,4,2,24,3,1,1,2,1,0,1,2,1,0,1,0
4,10,2,0,13,5,3,4,3,3,4,2,27,3,2,1,1,1,0,1,2,1,1,1,1
3,15,4,1,24,3,3,2,3,1,2,3,36,3,2,1,2,1,1,1,1,1,0,1,1
2,15,1,0,68,2,1,1,3,1,2,2,34,3,2,1,3,2,1,1,2,1,0,1,1
4,24,2,3,14,1,3,4,4,1,2,2,28,3,2,1,2,1,0,1,1,1,0,1,0
4,39,2,1,86,2,5,4,3,1,2,3,45,3,2,1,3,1,1,1,1,1,0,1,1
1,12,2,0,8,1,4,4,3,1,2,1,26,3,2,1,2,1,0,1,2,1,0,1,1
4,36,2,1,47,1,3,2,3,1,2,4,32,3,3,1,3,1,1,1,1,1,0,1,1
3,15,2,9,27,1,4,2,3,1,4,2,26,3,1,1,2,1,1,1,1,1,0,1,1
2,12,3,3,6,1,3,4,4,2,4,1,20,3,1,2,2,1,0,1,1,1,0,1,0
4,24,2,0,23,5,2,4,3,1,1,2,54,3,2,1,2,1,0,1,1,1,1,1,1
1,6,4,0,6,1,4,4,2,1,3,2,37,3,2,2,2,1,0,0,1,0,0,1,0
1,6,4,0,14,1,2,2,3,1,4,1,40,3,2,1,1,2,0,0,1,0,0,1,1
4,36,4,2,71,1,2,2,2,1,4,2,23,3,1,2,2,1,1,1,2,1,0,1,0
1,6,2,0,12,2,5,3,3,1,2,2,43,3,2,1,2,1,1,1,1,1,0,1,1
4,6,4,3,7,5,5,4,3,1,4,4,36,3,3,2,2,1,0,1,1,1,1,1,1
4,24,4,5,55,1,5,3,3,1,4,4,44,3,3,2,2,1,0,1,1,1,0,1,1
1,18,2,3,32,1,3,2,2,1,2,1,24,3,2,1,2,1,0,1,2,1,0,1,0
1,48,0,2,71,1,3,3,3,1,4,4,53,3,3,2,2,2,0,1,2,1,0,1,1
4,24,2,1,35,2,4,3,2,1,4,3,23,3,2,1,2,1,0,1,1,1,0,1,0
2,18,2,3,11,1,3,4,2,3,4,1,26,3,2,1,1,2,0,1,1,1,0,1,0
2,26,2,1,80,1,2,2,3,1,3,3,30,3,2,2,2,1,0,1,1,1,0,1,1
4,15,4,6,15,2,3,4,2,1,3,3,31,3,2,1,2,1,0,1,1,1,0,1,0
4,4,4,3,15,1,4,2,3,1,1,1,42,3,2,2,1,2,0,1,1,1,0,1,1
1,36,2,3,23,1,3,4,1,1,4,3,31,3,1,1,2,1,0,1,2,1,0,1,0
1,6,2,0,7,1,2,3,3,1,4,1,41,3,2,1,1,2,1,1,1,1,0,1,1
2,36,2,6,23,1,4,3,3,1,1,3,32,3,2,2,2,2,0,1,1,1,0,1,1
2,15,2,0,26,2,3,2,2,1,4,3,28,3,1,2,2,1,1,1,2,1,0,1,0
4,12,3,1,15,1,3,4,4,1,4,1,41,3,1,1,2,1,0,1,1,1,0,1,0
4,24,2,3,13,2,4,4,4,1,3,2,26,3,2,1,2,1,1,1,1,1,0,1,0
4,24,2,3,31,5,2,4,3,1,2,3,25,3,2,2,2,1,0,1,1,1,1,1,1
3,21,4,6,23,1,2,2,1,1,1,3,33,3,1,1,2,1,0,1,2,1,0,1,0
1,6,2,0,14,5,1,4,2,1,3,2,75,3,2,1,3,1,1,1,1,1,1,1,0
2,18,4,2,36,1,5,3,2,1,4,2,37,3,2,1,2,1,1,1,1,1,0,1,0
1,48,2,0,78,1,5,4,3,1,4,4,42,1,3,1,3,1,0,1,2,1,0,0,1
3,18,2,2,30,1,2,1,2,1,1,2,45,2,2,1,1,1,0,1,1,1,0,0,0
2,12,2,3,15,1,2,1,4,1,1,1,23,3,1,1,2,1,0,1,2,1,0,1,0
4,24,3,0,20,1,5,4,3,1,4,4,60,3,3,2,2,1,1,1,1,1,0,1,1
1,30,2,2,64,5,5,4,3,1,4,2,31,3,2,1,2,1,0,1,2,1,1,1,1
3,18,2,2,29,1,3,2,3,1,1,1,34,3,2,1,1,2,0,1,2,1,0,1,1
4,12,4,0,13,1,5,4,3,1,4,1,61,3,2,2,1,1,0,1,1,1,0,1,1
1,24,3,0,13,1,1,4,3,1,2,1,43,3,3,2,2,2,0,1,2,1,0,1,1
4,24,4,0,20,1,3,4,2,1,4,3,37,3,2,1,2,1,1,1,1,1,0,1,0
4,24,2,3,16,1,4,3,3,1,1,3,32,1,2,1,2,2,0,1,1,1,0,0,1
1,12,1,3,6,1,3,4,2,1,4,1,24,1,2,1,1,1,0,1,2,1,0,0,0
4,48,4,1,89,5,4,2,3,1,1,4,35,3,3,2,2,1,1,1,1,1,1,1,1
4,12,4,5,10,5,4,4,2,1,4,1,23,3,2,2,2,1,0,1,1,1,1,1,0
4,6,1,3,18,3,5,2,3,1,4,2,45,1,2,1,1,2,0,1,1,1,0,0,1
1,48,2,3,70,1,4,1,4,3,1,1,34,3,2,2,2,1,1,1,2,1,0,1,0
2,12,4,0,20,2,2,4,3,1,1,3,27,3,2,1,2,1,0,1,1,1,0,1,1
2,9,2,6,12,1,4,4,2,1,4,2,67,3,2,2,3,1,1,1,1,1,0,1,0
2,12,2,3,13,1,2,2,3,1,1,3,22,2,2,1,2,1,0,1,2,1,0,0,1
2,18,0,0,23,2,2,3,2,1,3,3,28,3,2,2,2,1,0,1,2,1,0,1,0
4,21,0,0,50,5,3,1,2,1,4,2,29,1,2,2,2,1,1,1,2,1,1,0,0
1,24,1,2,36,1,4,3,3,1,4,3,27,1,2,1,2,1,0,1,2,1,0,0,1
2,18,4,2,19,1,2,2,3,1,2,1,31,3,2,2,1,1,0,1,2,1,0,1,1
1,24,2,1,30,5,5,4,3,1,4,4,49,1,3,1,2,2,1,1,1,1,1,0,1
1,24,1,3,15,1,4,4,3,3,4,3,24,1,1,1,1,1,0,1,2,1,0,0,1
3,6,3,3,7,1,2,2,2,1,1,2,29,1,2,1,2,1,0,1,1,1,0,0,0
2,36,2,0,124,5,3,1,3,1,4,4,37,3,3,1,2,1,1,1,2,1,1,1,1
2,24,3,9,47,5,3,4,3,1,2,2,37,1,2,2,3,1,1,1,1,1,1,0,1
2,24,3,3,16,2,4,3,2,1,2,2,23,3,1,2,2,1,1,1,1,1,0,1,0
1,12,2,0,14,1,4,2,1,1,3,3,36,3,2,1,2,1,0,1,2,1,0,1,0
4,24,4,3,26,4,5,2,3,1,2,3,34,3,2,1,2,1,0,1,1,1,1,1,1
2,48,2,3,40,5,4,4,3,1,1,3,41,3,2,2,2,2,1,1,1,1,1,1,1
1,48,2,3,68,1,3,3,2,1,2,3,31,3,2,1,2,1,1,1,2,1,0,1,0
1,24,2,2,32,1,2,4,2,1,4,1,23,3,1,1,1,1,1,1,2,1,0,1,0
4,30,4,3,60,1,4,3,3,2,2,3,38,3,2,1,2,1,0,1,1,1,0,1,1
4,24,2,1,54,5,1,2,2,1,4,2,26,3,1,1,3,1,1,1,1,1,1,1,0
1,15,2,9,8,1,3,4,2,1,4,2,22,3,2,1,1,1,0,1,1,1,0,1,0
2,9,2,3,11,1,5,4,3,1,4,3,27,3,2,2,1,1,0,1,1,1,0,1,1
4,15,4,2,28,1,4,2,2,2,3,3,24,1,2,2,2,1,0,1,1,1,0,0,0
2,12,2,3,29,1,4,2,2,1,1,1,27,3,2,1,2,1,0,1,1,1,0,1,0
4,24,4,6,19,5,3,3,2,1,2,3,33,3,2,2,2,1,1,1,1,1,1,1,0
2,36,4,0,28,1,2,4,1,1,4,3,27,3,2,2,2,1,0,1,2,1,0,1,0
4,24,2,8,9,1,2,4,4,1,3,3,27,3,2,2,1,1,0,1,1,1,0,1,0
2,18,4,0,11,1,5,3,3,3,3,1,30,1,2,2,2,1,0,1,2,1,0,0,1
2,12,4,0,31,1,2,1,3,1,3,1,49,1,2,2,1,2,0,1,1,1,0,0,1
4,9,2,2,14,1,3,4,2,1,2,1,26,3,1,1,2,1,0,1,1,1,0,1,0
2,36,2,5,24,1,2,4,3,1,1,4,33,3,1,1,1,1,0,1,2,1,0,1,1
4,12,2,0,21,5,5,4,2,1,4,4,52,3,3,1,3,1,1,1,1,1,1,1,0
1,18,2,2,20,1,3,1,2,1,4,1,20,1,1,1,2,1,0,1,2,1,0,0,0
1,9,4,0,28,1,3,2,3,1,2,1,36,3,1,2,2,2,0,1,1,1,0,1,1
1,12,2,2,13,1,3,4,3,3,1,2,21,3,2,1,1,1,0,1,1,1,0,1,1
1,18,2,4,12,1,3,4,4,1,3,1,47,3,2,1,1,1,1,1,2,1,0,1,0
1,12,4,2,22,1,5,3,3,1,3,2,60,3,2,2,2,1,0,1,2,1,0,1,1
1,12,4,3,4,1,4,4,2,1,3,1,58,3,2,4,1,1,1,1,1,1,0,1,0
2,24,3,0,20,5,3,4,2,1,4,3,42,3,1,2,2,1,1,1,1,1,1,1,0
4,21,2,9,16,4,5,4,2,1,4,1,36,1,2,1,1,1,0,1,1,1,1,0,0
2,24,2,0,27,1,3,3,2,1,4,2,20,3,1,1,1,1,1,1,2,1,0,1,0
1,24,1,10,14,5,5,4,3,1,3,3,40,2,2,1,3,1,1,1,2,1,1,0,1
2,6,1,0,9,2,2,1,2,1,1,2,32,2,2,1,1,1,0,1,2,1,0,0,0
1,24,2,0,14,1,4,4,2,1,4,3,23,3,1,2,2,1,0,1,2,1,0,1,0
2,24,0,9,42,1,3,1,3,1,4,1,36,3,2,3,1,1,1,1,2,1,0,1,1
4,18,4,0,28,1,4,2,3,1,2,2,31,1,2,2,2,1,0,1,2,1,0,0,1
4,24,3,9,39,1,3,1,3,1,2,4,32,3,3,1,2,1,0,1,1,1,0,1,1
2,7,2,3,23,1,2,1,2,3,1,1,45,3,2,1,2,1,0,1,1,1,0,1,0
2,9,2,2,9,1,3,4,2,1,1,2,30,3,2,1,2,1,0,1,2,1,0,1,0
2,24,1,6,18,1,4,4,2,1,4,4,34,1,3,1,1,1,0,1,2,1,0,0,0
4,36,2,2,33,1,3,4,2,1,2,3,28,3,2,1,3,1,1,1,2,1,0,1,0
3,10,2,2,13,1,2,4,2,1,2,2,23,3,2,1,2,1,0,1,1,1,0,1,0
1,24,1,2,28,3,3,4,3,1,4,1,22,2,2,1,2,1,1,1,1,1,0,0,1
4,24,4,9,45,1,3,3,3,1,2,1,74,3,2,1,3,1,1,1,1,1,0,1,1
2,36,2,3,27,2,3,4,2,2,4,4,50,3,3,1,2,1,0,1,2,1,0,1,0
4,18,2,3,21,1,2,4,3,1,1,1,33,3,2,1,2,1,0,1,1,1,0,1,1
4,15,2,1,13,5,5,4,3,1,4,4,45,1,3,1,2,2,0,1,1,1,1,0,1
1,12,2,4,7,2,1,4,2,1,3,2,22,3,2,1,2,1,0,1,2,1,0,1,0
3,10,2,0,12,2,5,1,2,1,4,4,48,3,3,1,1,2,0,1,2,1,0,1,0
1,21,2,3,34,4,2,4,2,1,2,3,29,1,2,1,2,1,0,1,1,1,1,0,0
1,24,1,1,36,1,3,1,2,3,4,3,22,1,1,1,2,1,0,0,1,0,0,0,0
4,18,3,2,18,1,4,4,2,1,1,1,22,3,2,1,2,1,0,1,2,1,0,1,0
2,48,0,9,122,5,3,2,3,1,2,3,48,1,2,1,3,1,1,1,1,1,1,0,1
2,60,3,3,92,5,3,2,3,1,2,4,27,3,3,1,3,1,0,1,1,1,1,1,1
1,6,4,0,37,1,3,1,3,1,3,1,37,3,1,3,2,2,0,1,1,1,0,1,1
2,30,2,2,34,2,3,2,2,2,4,3,21,3,1,1,2,1,0,1,2,1,0,1,0
4,12,2,0,6,1,3,4,1,1,2,1,49,3,2,1,1,1,0,1,1,1,0,1,0
2,21,4,9,37,1,4,2,3,1,3,2,27,3,2,2,2,1,0,1,1,1,0,1,1
4,18,4,0,15,1,3,3,3,1,2,2,32,1,2,2,2,1,0,1,2,1,0,0,1
4,48,2,9,39,5,3,4,1,1,2,1,38,1,2,1,2,1,0,1,2,1,1,0,0
1,12,2,2,19,1,2,4,2,1,1,3,22,3,1,1,2,1,0,1,1,1,0,1,0
1,18,2,3,26,1,3,4,3,1,4,4,65,3,3,2,2,1,0,1,2,1,0,1,1
4,15,2,3,20,5,5,4,3,1,2,3,35,3,2,1,2,1,0,1,1,1,1,1,1
3,6,2,2,21,1,3,2,3,1,2,1,41,3,2,1,2,1,1,1,1,1,0,1,1
2,9,1,0,14,2,4,2,3,1,3,4,29,3,2,1,2,1,0,1,2,1,0,1,1
4,42,4,2,40,3,3,4,3,1,4,1,36,3,2,2,2,1,1,1,1,1,0,1,1
4,9,2,6,38,5,5,1,3,1,4,1,64,3,2,1,1,1,0,1,1,1,1,1,1
1,24,2,3,37,1,3,2,2,1,4,3,28,3,2,1,2,1,0,1,1,1,0,1,0
1,18,1,2,16,1,3,4,3,1,3,3,44,1,2,1,2,1,0,1,2,1,0,0,1
2,15,2,3,14,5,2,4,3,1,1,2,23,3,2,1,2,1,0,1,1,1,1,1,1
4,9,2,2,20,1,2,2,2,2,2,3,19,3,1,2,2,1,0,1,2,1,0,1,0
2,24,2,0,14,1,2,3,2,1,4,3,25,3,2,1,1,1,1,1,2,1,0,1,0
4,12,2,6,14,1,5,4,3,1,4,2,47,1,2,3,2,2,1,1,1,1,0,0,1
4,24,2,3,14,3,4,4,2,1,1,3,28,3,2,1,2,1,0,1,1,1,0,1,0
4,60,3,3,157,1,4,2,3,1,4,3,21,3,2,2,2,1,1,1,1,1,0,1,1
4,12,2,3,15,1,2,4,2,1,3,3,34,3,2,1,2,2,0,1,1,1,0,1,0
1,42,3,3,44,1,4,3,3,1,2,2,26,1,2,2,2,2,1,1,2,1,0,0,1
1,18,2,6,8,1,1,4,2,1,1,1,27,3,2,1,0,1,0,1,2,1,0,1,0
2,15,2,5,13,1,5,4,3,1,4,3,38,3,2,2,1,1,0,1,1,1,0,1,1
4,15,2,6,46,2,3,3,3,1,2,2,40,3,2,1,3,1,1,1,2,1,0,1,1
4,24,4,3,19,1,4,4,4,3,2,3,33,3,2,2,2,1,1,1,1,1,0,1,0
1,18,4,3,19,1,4,4,4,1,1,2,32,3,2,2,3,1,1,1,1,1,0,1,0
4,36,3,9,80,5,2,4,3,1,4,3,27,3,1,2,2,1,1,1,2,1,1,1,1
1,30,0,2,46,1,3,2,1,3,2,1,32,3,2,2,2,1,0,1,1,1,0,1,0
4,12,2,0,14,3,3,2,2,1,2,2,26,3,2,1,2,1,0,1,2,1,0,1,0
3,24,2,0,9,1,4,4,3,1,3,4,38,1,3,1,2,2,0,1,2,1,0,0,1
1,12,2,6,7,1,3,4,3,1,4,3,40,3,1,1,1,2,0,1,2,1,0,1,1
1,48,2,6,75,1,4,4,3,1,1,4,50,3,3,1,3,1,1,1,1,1,0,1,1
2,12,2,2,19,1,3,4,3,1,2,2,37,3,2,1,1,1,0,1,2,1,0,1,1
1,24,2,0,23,1,5,4,3,2,1,1,45,3,2,1,2,1,0,1,2,1,0,1,1
2,36,3,0,81,2,5,2,3,1,4,3,42,3,2,4,3,1,1,1,2,1,0,1,1
4,24,4,1,23,1,4,4,3,1,3,3,35,3,2,2,2,1,1,1,1,1,0,1,1
1,14,2,0,40,1,1,1,3,1,4,4,22,3,3,1,2,1,0,1,1,1,0,1,1
2,12,2,0,9,1,5,4,3,1,4,3,41,1,2,1,1,2,0,1,2,1,0,0,1
4,48,2,3,102,5,4,4,3,1,3,3,37,2,2,1,2,1,1,1,1,1,1,0,1
2,30,0,9,42,1,3,2,2,1,1,3,28,3,2,2,2,1,0,1,1,1,0,1,0
2,18,4,2,64,1,5,2,3,1,1,4,41,3,2,1,2,1,1,1,1,1,0,1,1
3,12,2,3,13,1,3,3,4,1,4,1,23,3,1,1,2,1,0,1,1,1,0,1,0
1,12,2,0,9,5,3,4,4,1,2,3,23,3,2,1,2,1,0,1,2,1,1,1,0
4,21,2,2,22,1,5,4,3,1,2,1,50,3,2,2,2,1,0,1,1,1,0,1,1
2,6,3,2,10,1,1,4,3,1,1,2,35,2,2,2,3,1,1,1,1,1,0,0,1
3,6,4,6,10,1,3,2,2,1,4,2,50,3,2,1,1,1,0,1,1,1,0,1,0
4,24,4,10,63,1,1,4,3,2,2,4,27,1,2,2,3,1,1,1,1,1,0,0,1
2,30,1,2,35,4,3,4,3,1,2,3,34,2,2,1,2,2,1,1,1,1,1,0,1
4,48,1,9,36,1,3,1,2,1,1,1,27,2,2,1,2,1,0,1,1,1,0,0,0
1,12,4,0,48,1,5,3,3,2,4,2,43,3,1,2,2,1,1,1,2,1,0,1,1
3,30,4,3,30,1,5,4,3,1,4,2,47,3,2,1,2,1,0,1,1,1,0,1,1
4,24,4,9,41,2,3,3,3,1,3,2,27,3,2,2,1,1,1,1,1,1,0,1,1
4,36,2,9,57,2,4,2,3,1,2,3,31,3,2,2,2,1,1,1,1,1,0,1,1
4,60,2,0,104,1,5,2,3,1,4,2,42,3,2,1,3,1,1,1,1,1,0,1,1
4,6,4,0,21,3,3,1,4,1,2,3,24,3,2,1,2,1,0,1,1,1,0,1,0
4,21,3,9,26,3,2,4,3,1,2,1,41,1,2,1,1,2,0,1,2,1,0,0,1
4,30,4,3,45,1,4,4,2,1,4,3,26,3,1,1,3,1,1,1,1,1,0,1,0
4,24,4,2,52,1,5,4,3,1,4,3,33,3,2,1,2,1,1,1,1,1,0,1,1
2,72,2,3,56,2,3,2,4,1,2,3,24,3,2,1,2,1,0,1,2,1,0,1,0
1,24,2,3,24,1,5,4,3,1,4,1,64,1,1,1,1,1,0,1,1,1,0,0,1
4,18,2,3,15,1,2,3,2,1,1,1,26,3,2,1,2,1,0,1,1,1,0,1,0
4,6,2,6,15,1,2,1,2,1,2,4,56,3,2,1,2,1,0,1,1,1,0,1,0
4,12,2,3,23,5,3,4,3,1,4,4,37,3,3,1,2,1,1,1,1,1,1,1,1
4,15,3,3,15,1,3,4,4,1,3,1,33,1,2,2,2,1,0,1,1,1,0,0,0
4,24,4,3,51,1,2,3,4,1,3,4,47,3,3,3,2,1,1,1,1,1,0,1,0
2,36,3,9,99,2,4,1,3,1,3,2,31,3,2,2,1,2,1,1,1,1,0,1,1
4,60,2,0,65,5,3,4,3,1,4,4,34,3,3,1,2,2,1,1,1,1,1,1,1
3,10,4,3,13,5,4,4,3,1,2,2,27,3,2,2,2,1,1,1,1,1,1,1,1
2,36,3,0,29,2,5,4,3,1,3,4,30,3,3,1,2,1,0,1,1,1,0,1,1
4,9,2,3,28,2,5,3,3,2,4,3,35,3,2,1,2,1,1,1,1,1,0,1,1
1,12,2,0,37,4,3,1,3,1,3,2,31,3,2,1,2,2,0,1,1,1,1,1,1
1,15,4,2,10,1,3,2,1,1,3,2,25,3,2,2,2,1,0,1,1,1,0,1,0
2,15,2,5,26,2,3,3,2,1,2,1,25,3,2,1,1,1,0,1,1,1,0,1,0
2,24,2,3,29,2,2,2,3,1,1,3,29,3,2,1,2,1,0,1,1,1,0,1,1
1,6,4,0,47,5,2,1,3,1,3,1,44,3,2,2,1,2,0,1,1,1,1,1,1
4,24,2,3,23,1,4,4,3,1,2,3,28,3,2,1,2,1,1,1,1,1,0,1,1
4,6,2,1,12,3,3,2,3,1,4,2,50,3,1,1,2,1,0,1,1,1,0,1,1
2,12,2,3,11,1,4,4,3,3,3,1,29,3,2,2,2,1,0,0,1,0,0,1,1
4,12,4,0,9,1,1,1,2,1,2,2,38,3,2,1,0,1,0,1,1,1,0,1,0
4,18,4,3,18,1,3,4,3,1,2,3,24,3,2,2,2,1,0,1,1,1,0,1,1
3,15,2,6,19,1,5,4,3,1,4,3,40,3,1,1,3,1,1,1,1,1,0,1,1
4,12,2,2,11,3,3,4,2,1,4,3,29,3,1,1,1,1,0,1,2,1,0,1,0
1,48,4,1,63,1,5,4,3,1,4,4,46,3,3,2,2,1,1,1,2,1,0,1,1
3,24,2,3,14,2,5,4,2,1,2,4,47,3,3,1,2,1,1,1,1,1,0,1,0
2,30,3,9,25,2,5,4,3,1,2,2,41,2,2,2,2,1,0,1,1,1,0,0,1
2,27,2,9,25,1,2,4,2,1,1,2,32,3,2,1,2,2,1,1,1,1,0,1,0
4,15,2,0,53,3,5,1,2,1,4,4,35,3,3,1,2,1,0,1,1,1,0,1,0
2,48,2,0,66,2,4,3,3,1,2,2,24,3,2,1,2,1,0,1,2,1,0,1,1
2,12,0,2,30,1,2,4,2,1,3,2,25,3,1,2,2,1,0,1,2,1,0,1,0
2,9,2,3,12,1,5,4,2,1,4,1,25,3,2,1,2,1,0,1,1,1,0,1,0
2,9,2,3,21,1,3,2,3,1,2,1,37,3,2,1,1,2,0,1,1,1,0,1,1
4,18,4,3,6,3,5,4,3,1,3,2,32,1,2,2,3,1,1,1,1,1,0,0,1
1,6,1,6,12,1,5,4,2,1,4,4,35,3,3,1,2,1,0,1,2,1,0,1,0
4,21,2,1,25,5,5,4,3,1,4,1,46,3,2,1,3,1,1,1,1,1,1,1,1
1,9,4,3,11,1,3,4,3,1,4,1,25,3,2,2,1,1,0,1,1,1,0,1,1
2,60,2,0,140,1,4,4,3,1,2,4,27,3,2,1,3,1,1,1,2,1,0,1,1
4,30,4,1,76,5,5,1,3,1,4,3,63,3,2,2,2,1,0,1,1,1,1,1,1
4,30,4,3,31,5,5,3,3,1,2,3,40,3,2,2,2,2,1,1,1,1,1,1,1
4,18,2,3,15,1,3,4,3,1,2,4,32,3,3,1,3,1,1,1,1,1,0,1,1
3,24,4,3,31,5,3,3,3,1,2,3,31,3,2,2,2,1,1,1,1,1,1,1,1
2,20,0,1,61,2,5,3,4,1,4,3,31,1,2,2,2,1,1,1,1,1,0,0,0
3,9,0,3,13,1,2,4,3,1,2,3,34,3,2,2,3,1,1,1,2,1,0,1,1
2,6,1,6,4,4,2,4,2,1,2,2,24,1,1,1,2,2,0,1,2,1,1,0,0
1,12,2,0,12,1,3,4,2,1,2,1,24,3,2,1,1,1,0,1,2,1,0,1,0
2,9,2,3,8,3,3,4,2,1,3,1,66,3,2,1,1,1,0,1,1,1,0,1,0
4,27,2,0,26,1,3,3,2,1,3,1,21,3,1,1,2,1,0,1,2,1,0,1,0
4,6,4,0,2,4,3,2,2,1,2,1,41,1,2,2,1,1,0,1,1,1,1,0,0
4,15,4,3,13,3,3,2,4,1,2,2,47,3,2,2,1,1,0,1,1,1,0,1,0
1,18,2,3,19,1,3,4,2,1,4,3,25,1,1,2,2,1,0,1,2,1,0,0,0
2,48,1,9,64,1,5,4,2,1,3,4,59,3,1,1,2,1,0,1,2,1,0,1,0
3,24,4,9,13,4,3,2,1,1,4,1,36,3,2,2,2,1,1,1,1,1,1,1,0
2,24,3,3,64,1,2,1,3,1,2,3,33,3,2,1,2,1,0,1,1,1,0,1,1
1,24,2,3,20,1,3,2,3,1,4,1,21,3,1,1,1,2,0,1,2,1,0,1,1
2,8,2,3,8,1,4,4,2,3,2,1,44,3,2,1,1,1,0,1,1,1,0,1,0
4,24,2,1,26,4,3,2,2,1,4,3,28,3,1,1,2,1,1,1,1,1,1,1,0
4,4,4,0,34,1,4,1,2,1,1,1,37,3,2,1,2,2,0,1,1,1,0,1,0
2,36,1,4,40,5,2,3,2,1,2,4,29,1,2,1,0,1,0,1,1,1,1,0,0
2,24,2,1,116,1,3,1,2,1,4,3,23,3,1,2,3,1,0,1,2,1,0,1,0
1,18,2,0,44,2,3,3,3,1,4,3,35,3,2,1,1,2,1,1,1,1,0,1,1
4,6,4,0,68,1,4,1,3,1,3,4,45,3,2,2,3,2,1,1,1,1,0,1,1
2,30,0,9,43,2,3,4,2,1,4,3,26,3,1,2,1,1,0,1,2,1,0,1,0
1,24,1,0,23,2,4,2,3,1,3,3,32,1,2,1,2,1,0,1,1,1,0,0,1
2,10,1,3,10,1,3,4,3,1,4,1,23,2,2,1,1,1,0,1,1,1,0,0,1
4,21,2,3,32,5,5,4,3,1,3,2,41,3,2,1,2,1,1,1,1,1,1,1,1
1,24,1,2,25,3,3,4,3,1,4,1,22,2,2,1,2,1,1,1,1,1,0,0,1
1,39,4,2,142,5,4,4,3,1,4,2,30,3,2,2,3,1,1,1,1,1,1,1,1
1,13,4,9,18,1,2,3,3,1,1,2,28,1,2,2,1,1,0,1,1,1,0,0,1
1,15,2,0,25,1,1,1,2,1,4,3,23,3,1,1,2,1,0,1,1,1,0,1,0
1,12,2,0,13,1,2,3,2,1,1,1,37,3,2,1,1,1,0,1,2,1,0,1,0
4,21,2,1,52,5,3,1,3,1,3,3,26,3,2,1,2,1,0,1,1,1,1,1,1
4,15,2,1,30,1,4,2,3,1,2,3,33,3,2,1,2,1,0,1,1,1,0,1,1
1,6,2,2,4,1,5,2,2,1,1,2,49,1,2,1,2,1,1,1,1,1,0,0,0
1,18,2,0,10,1,2,1,2,1,2,3,23,3,2,1,1,1,0,1,2,1,0,1,0
2,12,2,9,8,2,4,2,2,1,4,1,23,3,1,1,1,1,0,1,1,1,0,1,0
4,30,4,3,58,1,4,4,2,1,2,3,25,3,2,2,2,1,0,1,1,1,0,1,0
4,12,3,5,16,4,5,4,3,1,4,4,55,3,3,2,2,2,0,1,2,1,1,1,1
1,24,2,0,13,5,4,4,2,1,4,4,32,3,1,1,2,1,0,1,2,1,1,1,0
3,6,4,0,13,1,3,1,3,1,1,1,74,3,2,3,0,2,0,0,1,0,0,1,1
3,15,4,3,13,5,3,3,3,1,4,4,39,3,3,2,2,1,1,1,2,1,1,1,1
4,24,2,0,14,1,3,2,3,3,2,1,31,3,2,1,2,1,1,1,1,1,0,1,1
1,12,4,0,7,1,5,4,3,1,3,2,35,3,2,2,2,1,0,1,2,1,0,1,1
4,15,4,0,50,5,5,1,2,1,4,3,59,3,2,1,2,1,1,1,1,1,1,1,0
1,18,4,2,21,1,3,4,2,1,4,1,24,3,1,2,2,1,0,1,2,1,0,1,0
1,12,2,3,22,1,3,4,3,1,3,2,24,3,2,1,1,1,0,1,1,1,0,1,1
4,21,4,0,127,5,5,4,3,1,4,4,30,3,3,1,3,1,1,1,2,1,1,1,1
4,24,4,0,25,2,4,4,4,1,3,2,27,3,2,2,2,1,1,1,1,1,0,1,0
2,12,2,3,12,1,5,3,4,3,3,1,40,1,2,2,1,1,0,1,1,1,0,0,0
1,30,2,2,31,1,2,2,1,1,4,2,31,3,2,1,1,1,0,1,2,1,0,1,0
4,10,2,1,29,5,2,1,2,1,4,1,31,3,1,1,2,1,0,1,1,1,1,1,0
2,12,4,2,36,1,5,1,3,1,4,3,28,3,1,3,2,1,1,1,1,1,0,1,1
4,12,4,3,17,1,5,2,3,1,4,1,63,3,2,2,1,1,1,1,1,1,0,1,1
1,24,2,1,28,5,5,2,2,1,4,1,26,3,1,1,2,1,0,1,1,1,1,1,0
1,36,4,6,81,1,3,3,2,1,2,4,25,3,2,2,3,1,1,1,2,1,0,1,0
4,21,4,1,33,1,5,1,3,1,4,3,36,3,2,1,3,1,1,1,1,1,0,1,1
4,24,4,3,22,2,5,4,3,1,4,2,52,1,2,2,2,1,0,1,1,1,0,0,1
3,12,4,0,15,3,1,2,3,1,4,4,66,1,3,3,0,1,0,1,1,1,0,0,1
1,24,2,0,14,5,3,4,2,1,4,1,25,3,1,1,2,1,0,1,2,1,1,1,0
4,36,4,0,35,1,4,4,3,1,4,3,37,3,2,2,2,1,1,1,1,1,0,1,1
1,18,2,3,35,1,4,4,2,3,1,1,25,3,2,1,2,1,0,1,1,1,0,1,0
4,36,4,1,57,4,5,4,3,1,2,3,38,3,2,2,3,1,1,1,1,1,1,1,1
2,18,2,5,39,1,1,2,2,1,4,3,67,3,2,1,2,1,1,1,1,1,0,1,0
2,39,4,3,49,1,4,2,3,3,2,1,25,3,2,2,2,1,0,1,2,1,0,1,1
4,24,4,0,19,4,5,4,3,1,4,1,60,3,2,1,2,1,1,1,1,1,1,1,1
2,12,0,8,14,1,3,2,3,1,2,1,31,3,2,1,1,1,1,1,1,1,0,1,1
2,12,2,0,8,2,2,4,2,1,2,2,23,1,2,1,1,1,0,1,2,1,0,0,0
2,20,2,1,65,5,1,1,1,1,4,1,60,3,2,1,3,1,1,1,1,1,1,1,0
2,18,2,9,19,4,3,4,3,1,2,2,35,3,2,1,1,1,1,1,1,1,1,1,1
4,22,2,3,27,3,5,3,3,1,4,3,40,3,2,1,2,1,0,1,1,1,0,1,1
4,48,4,1,28,5,5,4,3,1,3,3,38,3,2,2,2,2,1,1,1,1,1,1,1
2,48,3,6,62,1,5,4,3,1,4,4,50,3,3,1,2,1,0,1,2,1,0,1,1
1,40,4,6,60,1,3,4,3,1,3,4,27,1,2,1,2,1,1,1,2,1,0,0,1
2,21,2,9,12,1,5,2,2,1,4,2,39,3,2,1,2,2,0,1,2,1,0,1,0
4,24,2,1,63,5,5,3,3,1,4,3,41,3,2,1,3,2,1,1,1,1,1,1,1
4,6,4,2,12,5,3,1,4,1,2,2,27,3,2,2,2,1,0,1,1,1,1,1,0
3,24,2,2,29,1,5,3,1,1,4,4,51,3,3,1,2,1,0,1,1,1,0,1,0
4,24,2,2,31,3,5,4,3,1,3,4,32,3,1,1,2,1,1,1,1,1,0,1,1
4,9,2,2,23,2,2,2,2,1,4,2,22,3,1,1,2,1,0,1,1,1,0,1,0
1,18,2,1,75,5,5,1,3,1,4,2,51,3,3,1,2,2,1,1,2,1,1,1,1
4,12,4,2,13,1,2,2,2,1,4,2,22,3,1,2,1,1,0,1,1,1,0,1,0
4,24,3,0,7,5,5,4,4,1,4,3,54,3,2,2,2,1,1,1,1,1,1,1,0
2,9,2,0,15,5,2,4,3,1,2,1,35,3,2,1,0,1,0,1,1,1,1,1,1
4,24,4,6,16,1,5,4,3,1,4,4,54,3,3,2,2,2,0,1,1,1,0,1,1
2,18,4,3,18,1,5,3,2,3,4,1,48,1,1,2,1,1,1,1,1,1,0,0,0
1,20,4,2,43,1,5,1,2,1,4,2,24,3,2,2,2,1,0,1,1,1,0,1,0
4,12,4,3,10,5,5,4,3,1,4,3,35,3,2,2,2,1,0,1,1,1,1,1,1
2,12,2,0,75,5,1,1,2,1,2,1,24,3,1,1,0,1,0,1,1,1,1,1,0
1,36,2,0,93,1,4,2,3,1,1,3,24,3,2,1,2,1,1,1,2,1,0,1,1
2,6,2,3,6,1,2,3,4,1,3,1,26,3,2,1,1,1,0,0,1,0,0,1,0
4,12,4,3,9,5,5,4,3,1,4,1,65,3,2,4,2,1,0,1,1,1,1,1,1
2,42,1,1,93,1,1,1,3,1,2,4,55,1,3,1,3,1,1,1,1,1,0,0,1
2,15,0,0,18,1,2,2,2,1,1,1,26,3,1,2,0,1,0,1,2,1,0,1,0
2,8,2,9,9,1,2,3,4,1,2,1,26,3,2,1,2,1,1,1,1,1,0,1,0
2,6,2,3,5,1,4,3,4,3,3,1,28,1,2,1,1,1,0,1,1,1,0,0,0
1,36,4,1,96,1,4,4,3,1,4,3,24,3,2,2,2,1,1,1,2,1,0,1,1
1,48,2,4,31,1,3,3,3,1,4,3,54,3,2,1,2,1,0,1,2,1,0,1,1
1,48,2,0,39,1,4,4,3,1,4,4,46,3,3,1,2,2,0,1,2,1,0,1,1
2,36,3,0,74,1,3,2,2,1,2,2,54,3,1,1,2,1,0,1,1,1,0,1,0
4,6,2,4,13,3,3,1,1,1,4,1,62,3,2,1,2,1,0,1,1,1,0,1,0
4,6,4,3,16,1,4,1,2,1,2,3,24,3,1,2,2,1,1,1,1,1,0,1,0
1,36,2,10,159,1,1,2,1,2,3,3,43,3,2,1,3,1,0,1,1,1,0,1,0
1,18,2,3,13,1,3,4,4,1,3,1,26,1,2,1,2,1,0,1,2,1,0,0,0
4,12,2,0,11,1,3,3,4,1,2,1,27,3,2,2,2,1,1,1,1,1,0,1,0
3,12,2,3,30,1,3,3,4,1,1,3,24,3,2,1,2,1,0,1,1,1,0,1,0
1,36,2,2,27,1,5,2,3,1,2,2,41,1,2,1,2,2,0,1,2,1,0,0,1
1,8,4,0,7,1,5,4,3,1,4,1,47,3,2,2,1,1,0,1,1,1,0,1,1
4,18,4,2,38,1,2,3,1,1,2,3,35,3,2,2,3,1,1,1,1,1,0,1,0
1,21,4,0,16,1,5,4,4,1,3,3,30,3,2,2,2,1,1,1,1,1,0,1,0
1,18,4,0,40,1,5,1,2,1,4,1,33,1,1,3,2,1,1,1,2,1,0,0,0
4,18,0,9,42,1,3,2,3,1,2,3,36,2,2,2,2,2,0,1,2,1,0,0,1
1,36,2,1,83,5,5,3,3,1,4,4,47,3,3,1,2,1,0,1,2,1,1,1,1
2,48,3,9,67,5,3,4,3,1,4,4,38,3,3,1,2,2,1,1,1,1,1,1,1
4,24,3,9,24,3,3,4,3,1,2,3,44,3,2,2,2,2,1,1,1,1,0,1,1
1,18,2,0,12,1,2,4,2,1,3,3,23,3,1,1,2,1,1,1,2,1,0,1,0
1,45,0,9,118,1,5,2,3,1,4,3,29,3,1,2,2,1,0,1,2,1,0,1,1
2,24,2,3,51,5,5,2,2,1,4,3,42,3,2,1,2,1,1,1,1,1,1,1,0
3,15,2,3,23,1,2,2,2,1,3,1,25,3,2,1,1,1,0,1,2,1,0,1,0
1,12,0,0,11,1,3,4,3,1,4,3,48,1,2,2,2,1,0,1,2,1,0,0,1
4,12,2,3,9,5,3,4,2,1,2,3,21,3,2,1,2,1,0,1,1,1,1,1,0
4,4,2,2,6,1,2,1,2,1,3,1,23,3,1,1,1,2,0,1,1,1,0,1,0
1,24,4,1,30,1,5,4,3,1,4,2,63,3,2,2,2,1,1,1,1,1,0,1,1
4,24,4,3,26,1,5,4,4,2,3,1,46,3,2,2,2,1,0,1,1,1,0,1,0
1,36,2,2,52,1,4,4,3,1,2,2,29,3,2,1,2,1,0,1,2,1,0,1,1
4,21,3,1,30,1,3,3,3,1,2,1,28,2,2,2,1,1,0,1,1,1,0,0,1
4,18,2,5,19,1,2,4,2,1,4,1,23,3,2,1,2,1,0,1,2,1,0,1,0
4,24,1,9,16,1,4,4,3,1,4,3,50,1,2,1,2,1,1,1,1,1,0,0,1
4,18,2,2,34,1,5,4,3,1,4,2,47,1,2,3,2,2,1,1,1,1,0,0,1
2,21,2,2,40,5,4,2,3,1,3,3,35,3,2,1,2,1,1,1,1,1,1,1,1
4,18,2,0,68,5,3,2,3,1,4,3,68,3,1,2,2,1,0,1,2,1,1,1,1
4,24,2,0,12,1,2,4,4,1,2,1,28,3,2,1,2,1,0,1,1,1,0,1,0
1,9,2,3,14,1,4,3,3,1,4,1,59,3,2,1,2,1,0,1,1,1,0,1,1
1,12,2,3,7,1,5,4,3,1,4,1,57,2,2,1,1,1,0,1,2,1,0,0,1
1,20,4,0,22,1,3,4,4,3,2,2,33,1,1,2,2,1,0,0,2,0,0,0,0
4,24,4,1,40,5,4,3,3,1,4,2,43,3,2,2,2,1,1,1,1,1,1,1,1
4,15,4,3,15,1,3,4,3,1,4,4,35,3,3,2,2,1,1,1,1,1,0,1,1
1,18,1,0,14,1,4,4,3,1,4,4,32,3,3,2,1,2,0,1,2,1,0,1,1
4,36,3,0,109,1,5,2,3,1,2,3,45,3,2,2,2,2,1,1,1,1,0,1,1
4,24,2,0,15,2,2,4,4,1,3,1,33,3,2,1,2,1,1,1,1,1,0,1,0
4,10,2,8,9,5,4,4,2,1,3,2,40,3,2,1,2,1,1,1,1,1,1,1,0
4,15,4,2,33,1,3,4,3,1,2,4,28,3,3,1,2,1,1,1,1,1,0,1,1
1,15,2,0,40,1,3,3,2,1,2,2,29,3,2,1,2,1,1,1,2,1,0,1,0
4,9,2,0,36,2,3,1,3,3,2,1,26,3,1,1,2,2,0,0,1,0,0,1,1
4,24,4,1,58,4,3,4,3,1,2,1,27,3,2,2,2,1,0,1,1,1,1,1,1
4,18,3,9,22,1,3,4,4,1,2,3,28,3,2,1,2,1,1,1,2,1,0,1,0
1,24,2,3,24,1,2,4,2,1,4,1,35,3,2,1,2,1,1,1,2,1,0,1,0
4,27,4,2,45,4,2,4,3,1,2,1,32,2,2,2,1,2,1,1,1,1,1,0,1
4,10,2,2,22,1,3,2,3,1,2,1,25,1,1,1,1,1,0,1,2,1,0,0,1
4,15,2,2,22,3,3,2,2,1,4,3,20,3,1,1,2,1,0,1,1,1,0,1,0
1,18,2,3,24,1,2,4,2,1,1,3,27,2,2,1,2,1,0,1,1,1,0,0,0
4,12,4,2,33,1,5,2,3,1,4,2,42,2,2,1,2,1,0,1,1,1,0,0,1
4,36,2,9,74,5,5,3,3,1,2,2,37,3,2,2,2,1,0,1,1,1,1,1,1
1,12,2,2,7,1,5,4,2,1,4,2,24,3,1,1,2,1,0,1,1,1,0,1,0
4,36,3,2,77,3,4,2,2,1,4,3,40,3,2,2,2,1,1,1,1,1,0,1,0
3,6,4,0,13,1,5,1,3,1,4,1,46,3,2,2,2,2,0,0,1,0,0,1,1
1,24,4,9,14,2,4,4,3,1,1,1,26,3,2,2,2,1,1,1,1,1,0,1,1
4,15,2,4,9,5,2,4,2,1,1,1,24,3,2,1,2,1,0,1,1,1,1,1,0
1,12,2,2,36,1,3,2,3,2,2,2,29,3,2,1,1,2,0,1,1,1,0,1,1
2,11,4,0,13,4,3,4,2,1,4,3,40,3,2,2,2,1,0,1,1,1,1,1,0
1,18,1,3,19,1,2,3,3,2,4,4,36,1,3,1,3,1,1,1,1,1,0,0,1
4,36,2,3,36,1,5,4,3,1,2,3,28,3,2,1,2,1,0,1,1,1,0,1,1
1,9,2,0,14,1,2,3,3,1,2,4,27,3,3,1,3,1,1,1,2,1,0,1,1
4,30,4,3,67,5,4,2,3,1,3,2,36,3,2,2,2,1,0,1,1,1,1,1,1
4,24,2,1,78,1,4,3,3,1,3,3,38,3,2,1,3,1,1,1,1,1,0,1,1
4,24,2,1,93,5,3,2,1,1,4,4,48,3,3,1,2,1,1,1,1,1,1,1,0
2,30,4,0,22,5,5,4,3,1,4,1,36,3,2,2,2,1,0,1,1,1,1,1,1
4,18,4,3,11,1,1,4,2,1,4,3,65,3,2,2,0,1,0,1,1,1,0,1,0
2,24,2,2,41,1,4,3,1,1,3,3,43,3,2,1,2,1,1,1,2,1,0,1,0
1,12,2,6,8,1,2,4,2,1,4,2,53,3,2,1,2,1,0,1,2,1,0,1,0
2,24,4,9,28,5,4,4,3,1,3,4,34,3,2,2,2,2,1,1,1,1,1,1,1
2,48,2,9,157,1,3,2,3,1,2,3,23,3,2,1,2,1,1,1,2,1,0,1,1
4,36,4,0,66,1,5,4,3,1,4,3,34,3,2,2,3,1,1,1,1,1,0,1,1
4,28,1,1,78,5,2,3,3,3,4,1,40,1,1,2,2,2,1,1,1,1,1,0,1
1,27,4,9,24,1,5,4,3,1,4,3,43,2,2,4,3,2,1,1,1,1,0,0,1
4,15,4,3,18,1,5,4,3,1,4,3,46,3,2,2,2,1,1,1,1,1,0,1,1
1,12,4,0,22,1,3,4,3,1,4,2,38,1,2,2,1,1,0,0,1,0,0,0,1
2,36,4,1,58,1,3,3,3,1,4,3,34,3,2,2,2,1,1,1,1,1,0,1,1
4,18,4,3,12,5,3,4,3,1,3,2,29,3,2,2,2,1,1,1,1,1,1,1,1
4,36,3,1,89,5,4,3,3,1,2,3,31,2,2,1,3,2,1,1,1,1,1,0,1
1,21,2,3,26,1,2,4,2,1,4,2,28,3,1,1,3,1,1,1,1,1,0,1,0
4,12,4,2,16,4,4,3,2,1,2,2,35,3,2,1,2,1,0,0,1,0,1,1,0
4,15,2,2,22,5,4,1,2,1,4,1,33,1,1,1,1,1,0,1,1,1,1,0,0
1,18,2,2,42,1,3,2,3,2,3,3,42,3,2,1,2,1,0,1,2,1,0,1,1
1,16,4,0,26,1,5,2,3,3,4,2,43,1,1,1,2,1,1,1,2,1,0,0,1
4,20,4,0,35,5,2,2,1,1,4,1,44,3,2,2,2,1,1,1,1,1,1,1,0
4,36,4,1,105,5,5,2,3,1,4,4,42,3,3,2,2,1,0,1,1,1,1,1,1
4,15,2,3,14,5,3,4,4,1,2,1,40,3,1,1,2,1,1,1,1,1,1,1,0
4,24,2,3,13,1,5,4,3,1,1,1,36,3,2,1,3,1,1,1,1,1,0,1,1
1,12,2,3,11,1,3,2,3,1,2,1,20,3,1,1,3,2,1,1,1,1,0,1,1
1,21,2,0,38,5,4,2,3,2,2,1,24,3,2,1,1,1,0,0,1,0,1,1,1
2,36,2,6,37,5,3,2,4,1,2,3,27,3,2,1,2,1,0,1,1,1,1,1,0
4,15,3,1,36,1,2,1,2,1,2,2,46,3,2,2,1,1,0,1,1,1,0,1,0
2,9,2,0,32,5,3,1,2,1,2,1,33,3,2,1,1,1,0,1,1,1,1,1,0
4,36,3,3,45,1,3,4,2,1,4,1,34,3,2,2,2,1,0,1,1,1,0,1,0
2,24,4,2,47,1,2,2,2,1,4,3,25,1,2,1,1,1,0,1,2,1,0,0,0
2,30,2,3,30,5,5,2,2,1,4,3,25,3,2,1,2,1,0,1,1,1,1,1,0
4,11,2,9,21,4,5,1,1,1,2,1,28,3,2,1,2,1,1,1,1,1,1,1,0
1,24,1,9,32,1,3,4,3,1,2,2,31,3,1,1,2,1,1,1,2,1,0,1,1
2,48,0,10,184,1,3,1,2,1,2,2,32,1,2,1,3,1,1,0,2,0,0,0,0
4,10,2,1,28,2,3,1,3,2,2,1,32,3,2,1,2,2,0,1,1,1,0,1,1
1,6,2,0,149,1,5,1,3,1,4,4,68,1,2,1,3,1,1,1,2,1,0,0,1
1,24,2,2,24,2,1,1,1,1,1,2,33,3,2,1,2,1,0,1,2,1,0,1,0
1,24,2,2,33,1,5,4,3,1,2,2,39,3,1,1,3,1,1,1,2,1,0,1,1
4,18,4,2,18,1,3,4,2,1,2,4,28,3,2,2,2,1,0,1,1,1,0,1,0
4,48,3,3,127,3,4,4,3,1,1,3,37,3,2,1,3,1,1,1,1,1,0,1,1
1,9,2,3,14,1,2,3,2,1,4,2,22,3,1,1,2,1,0,1,2,1,0,1,0
2,12,2,0,20,1,4,3,3,1,4,2,30,3,1,1,2,2,1,1,1,1,0,1,1
1,24,1,2,69,1,2,2,1,1,1,2,55,1,2,1,2,1,1,1,2,1,0,0,0
1,12,1,0,7,1,2,4,3,1,2,3,46,1,2,2,2,1,1,1,2,1,0,0,1
1,18,4,2,10,1,2,4,2,1,4,2,21,3,1,1,2,1,0,1,1,1,0,1,0
1,48,2,1,103,1,4,4,3,1,4,4,39,2,3,3,2,2,1,1,2,1,0,0,1
4,30,2,3,19,5,5,4,3,1,4,3,58,3,2,1,2,1,1,1,1,1,1,1,1
1,12,3,0,13,1,3,4,3,1,2,1,43,3,2,2,1,2,0,1,1,1,0,1,1
1,24,2,2,17,1,2,4,3,2,1,2,24,3,2,1,1,1,0,0,1,0,0,1,1
2,9,2,3,17,1,2,4,2,1,2,3,22,3,2,1,2,1,1,1,2,1,0,1,0
4,9,4,0,12,1,3,3,3,1,1,1,30,3,2,2,2,1,0,1,1,1,0,1,1
4,12,4,3,5,3,5,4,3,1,4,2,42,3,2,2,2,2,1,1,1,1,0,1,1
1,12,2,3,15,1,3,4,2,1,1,3,23,1,2,1,2,1,0,1,1,1,0,0,0
2,30,3,3,19,2,2,4,3,1,3,4,30,2,2,2,3,1,0,1,2,1,0,0,1
3,9,2,3,7,1,3,3,2,1,2,1,28,3,2,1,1,1,0,1,2,1,0,1,0
2,6,2,3,21,1,2,4,4,1,3,3,30,3,1,1,3,1,1,1,1,1,0,1,0
2,60,2,6,63,1,3,4,3,1,4,4,42,3,3,1,2,1,0,1,2,1,0,1,1
4,24,4,1,68,5,3,2,3,1,4,2,46,3,2,2,3,2,1,1,1,1,1,1,1
4,12,2,0,35,5,2,2,3,1,3,2,45,3,2,1,3,2,1,1,1,1,1,1,1
4,10,2,0,15,1,3,3,3,1,2,1,31,3,2,1,1,2,0,0,1,0,0,1,1
4,24,2,2,9,5,4,4,3,1,2,3,31,2,2,1,2,1,1,1,1,1,1,0,1
4,4,4,0,15,1,4,2,3,1,1,1,42,3,2,3,1,2,0,1,1,1,0,1,1
1,15,2,2,18,1,2,4,2,3,1,2,46,3,1,1,2,1,0,1,1,1,0,1,0
2,48,0,0,84,3,2,1,2,1,1,3,30,3,2,2,2,1,0,1,1,1,0,1,0
1,24,1,2,33,3,2,4,3,1,4,4,30,3,3,1,2,2,1,1,2,1,0,1,1
4,12,2,0,29,5,1,4,3,1,4,4,38,3,2,1,3,1,1,1,1,1,1,1,1
4,18,2,2,15,1,2,4,4,2,1,2,43,3,2,1,1,2,0,1,2,1,0,1,0
4,24,2,3,36,2,5,2,3,1,4,3,31,3,2,2,2,1,0,1,2,1,0,1,1
2,18,4,9,36,1,1,3,4,1,3,3,40,3,2,3,0,2,1,1,1,1,0,1,0
1,36,3,9,21,1,4,2,3,1,1,3,24,3,2,2,2,1,1,1,2,1,0,1,1
2,24,2,1,41,3,2,3,2,1,4,3,28,3,1,1,2,1,0,1,2,1,0,1,0
4,36,2,2,110,1,1,4,2,1,2,3,26,3,2,2,3,1,1,1,2,1,0,1,0
1,12,2,0,19,1,3,4,2,3,4,2,29,3,2,1,2,1,1,1,1,1,0,1,0
1,24,4,3,12,4,5,4,2,1,4,2,57,3,1,2,3,1,1,1,1,1,1,1,0
3,30,4,3,37,5,5,4,3,1,4,2,49,2,2,2,1,1,0,1,1,1,1,0,1
2,9,4,3,12,1,5,2,3,1,4,1,37,3,2,3,1,1,0,1,1,1,0,1,1
1,28,2,0,40,1,3,3,3,1,2,3,45,3,2,1,1,1,0,1,2,1,0,1,1
2,24,2,2,31,2,5,4,3,1,4,4,30,3,3,1,2,1,0,1,1,1,0,1,1
4,6,4,3,17,1,5,2,4,1,2,1,30,3,1,2,2,1,0,1,1,1,0,1,0
2,21,3,0,24,1,3,1,1,1,4,2,47,3,2,2,2,1,0,1,1,1,0,1,0
4,15,2,0,36,5,3,3,3,1,2,4,29,3,2,1,2,1,0,1,1,1,1,1,1
4,24,2,3,24,3,5,3,3,1,2,3,35,1,2,2,2,1,1,1,2,1,0,0,1
2,6,2,5,5,1,2,3,4,1,1,2,22,3,2,1,1,1,0,1,1,1,0,1,0
2,30,2,3,17,5,3,4,2,1,1,3,26,3,2,1,2,1,0,1,1,1,1,1,0
2,27,4,3,25,3,3,4,3,1,2,2,23,3,2,2,1,1,0,1,2,1,0,1,1
4,15,2,3,36,1,5,4,2,1,2,3,54,1,1,1,3,1,1,1,1,1,0,0,0
4,42,2,3,72,5,4,2,4,1,4,2,29,3,1,1,2,1,1,1,1,1,1,1,0
1,11,4,0,39,1,3,1,3,1,2,1,40,3,2,2,1,2,0,1,1,1,0,1,1
2,15,2,5,15,2,3,4,3,3,2,1,22,3,2,1,2,1,0,1,1,1,0,1,1
4,24,2,0,74,1,3,1,3,1,4,2,43,3,2,1,1,2,0,1,1,1,0,1,1
1,24,1,0,12,1,1,1,2,2,4,4,29,3,1,2,0,1,0,1,2,1,0,1,0
1,60,2,9,73,1,5,4,3,2,4,4,36,3,1,1,2,1,0,1,2,1,0,1,1
4,30,4,3,28,1,3,4,2,1,2,3,33,3,2,1,2,1,1,1,1,1,0,1,0
3,24,2,3,13,3,3,3,2,1,3,3,57,3,2,1,1,1,0,1,1,1,0,1,0
2,6,2,3,8,1,3,2,2,3,3,1,64,3,2,1,2,1,0,1,1,1,0,1,0
2,18,3,9,24,5,5,4,3,1,2,2,42,3,2,2,2,1,0,1,1,1,1,1,1
4,24,3,0,25,1,5,4,3,1,4,3,47,3,2,2,1,2,0,1,2,1,0,1,1
2,15,1,0,13,2,3,2,4,1,2,2,25,3,1,1,2,1,0,1,2,1,0,1,0
2,30,4,2,84,1,4,2,3,1,2,2,49,3,2,1,2,1,0,1,2,1,0,1,1
4,48,2,9,48,1,1,3,3,1,2,3,33,1,1,1,3,1,1,1,2,1,0,0,1
3,21,2,0,29,2,3,1,2,1,1,3,28,1,2,1,3,1,1,1,1,1,0,0,0
1,36,2,1,82,1,3,2,3,1,2,2,26,3,2,1,2,2,0,1,2,1,0,1,1
4,24,4,2,20,1,4,2,3,1,2,2,30,3,2,2,1,1,0,1,1,1,0,1,1
1,15,4,2,14,1,3,4,2,1,3,2,25,3,1,2,2,1,0,1,1,1,0,1,0
3,42,0,9,63,1,2,2,1,1,1,2,33,3,2,2,2,1,0,1,1,1,0,1,0
4,13,2,3,14,2,1,2,2,1,4,1,64,3,2,1,2,1,0,1,1,1,0,1,0
1,24,2,1,66,1,1,4,3,1,2,4,29,3,3,1,3,1,1,1,1,1,0,1,1
2,24,4,3,17,1,5,4,3,1,2,2,48,3,2,2,1,1,0,1,1,1,0,1,1
4,12,4,6,36,5,2,2,3,1,1,2,37,3,2,2,1,2,0,1,1,1,1,1,1
4,15,1,3,16,2,5,4,3,1,4,3,34,1,2,1,1,2,0,1,1,1,0,0,1
1,18,2,3,19,5,4,2,4,1,4,3,23,3,1,2,1,1,0,1,1,1,1,1,0
1,36,2,2,40,1,1,4,3,1,3,2,30,3,2,1,3,1,1,1,1,1,0,1,1
4,12,2,0,24,5,5,4,3,1,3,3,50,3,2,1,2,1,1,1,1,1,1,1,1
4,12,2,2,17,1,4,3,2,1,4,1,31,3,2,1,1,1,0,1,1,1,0,1,0
1,30,2,1,39,1,3,4,1,1,4,2,40,3,2,1,3,1,1,1,1,1,0,1,0
4,12,2,3,8,1,5,4,3,1,4,3,38,3,2,1,2,1,0,1,1,1,0,1,1
1,45,2,3,18,1,3,4,3,1,4,4,23,3,3,1,2,1,1,1,2,1,0,1,1
2,45,4,1,46,2,1,3,3,1,4,3,27,3,2,1,2,1,0,1,1,1,0,1,1
